
S26-B6-Microcontroller-G8-SK.elf:     file format elf32-avr

Sections:
Idx Name          Size      VMA       LMA       File off  Algn
  0 .text         00002456  00000000  00000000  00000094  2**1
                  CONTENTS, ALLOC, LOAD, READONLY, CODE
  1 .data         00000020  00800060  00002456  000024ea  2**0
                  CONTENTS, ALLOC, LOAD, DATA
  2 .bss          00000016  00800080  00800080  0000250a  2**0
                  ALLOC
  3 .stab         000027b4  00000000  00000000  0000250c  2**2
                  CONTENTS, READONLY, DEBUGGING
  4 .stabstr      000019fd  00000000  00000000  00004cc0  2**0
                  CONTENTS, READONLY, DEBUGGING
  5 .debug_aranges 00000140  00000000  00000000  000066bd  2**0
                  CONTENTS, READONLY, DEBUGGING
  6 .debug_pubnames 00000170  00000000  00000000  000067fd  2**0
                  CONTENTS, READONLY, DEBUGGING
  7 .debug_info   00001c49  00000000  00000000  0000696d  2**0
                  CONTENTS, READONLY, DEBUGGING
  8 .debug_abbrev 00000eeb  00000000  00000000  000085b6  2**0
                  CONTENTS, READONLY, DEBUGGING
  9 .debug_line   00000dad  00000000  00000000  000094a1  2**0
                  CONTENTS, READONLY, DEBUGGING
 10 .debug_frame  00000160  00000000  00000000  0000a250  2**2
                  CONTENTS, READONLY, DEBUGGING
 11 .debug_str    0000028d  00000000  00000000  0000a3b0  2**0
                  CONTENTS, READONLY, DEBUGGING
 12 .debug_loc    000007ce  00000000  00000000  0000a63d  2**0
                  CONTENTS, READONLY, DEBUGGING
 13 .debug_ranges 00000050  00000000  00000000  0000ae0b  2**0
                  CONTENTS, READONLY, DEBUGGING

Disassembly of section .text:

00000000 <__vectors>:
       0:	0c 94 2a 00 	jmp	0x54	; 0x54 <__ctors_end>
       4:	0c 94 19 0b 	jmp	0x1632	; 0x1632 <__vector_1>
       8:	0c 94 4c 0b 	jmp	0x1698	; 0x1698 <__vector_2>
       c:	0c 94 7f 0b 	jmp	0x16fe	; 0x16fe <__vector_3>
      10:	0c 94 47 00 	jmp	0x8e	; 0x8e <__bad_interrupt>
      14:	0c 94 47 00 	jmp	0x8e	; 0x8e <__bad_interrupt>
      18:	0c 94 84 0d 	jmp	0x1b08	; 0x1b08 <__vector_6>
      1c:	0c 94 47 00 	jmp	0x8e	; 0x8e <__bad_interrupt>
      20:	0c 94 47 00 	jmp	0x8e	; 0x8e <__bad_interrupt>
      24:	0c 94 47 00 	jmp	0x8e	; 0x8e <__bad_interrupt>
      28:	0c 94 74 0e 	jmp	0x1ce8	; 0x1ce8 <__vector_10>
      2c:	0c 94 41 0e 	jmp	0x1c82	; 0x1c82 <__vector_11>
      30:	0c 94 47 00 	jmp	0x8e	; 0x8e <__bad_interrupt>
      34:	0c 94 f6 0f 	jmp	0x1fec	; 0x1fec <__vector_13>
      38:	0c 94 29 10 	jmp	0x2052	; 0x2052 <__vector_14>
      3c:	0c 94 5c 10 	jmp	0x20b8	; 0x20b8 <__vector_15>
      40:	0c 94 47 00 	jmp	0x8e	; 0x8e <__bad_interrupt>
      44:	0c 94 47 00 	jmp	0x8e	; 0x8e <__bad_interrupt>
      48:	0c 94 47 00 	jmp	0x8e	; 0x8e <__bad_interrupt>
      4c:	0c 94 47 00 	jmp	0x8e	; 0x8e <__bad_interrupt>
      50:	0c 94 47 00 	jmp	0x8e	; 0x8e <__bad_interrupt>

00000054 <__ctors_end>:
      54:	11 24       	eor	r1, r1
      56:	1f be       	out	0x3f, r1	; 63
      58:	cf e5       	ldi	r28, 0x5F	; 95
      5a:	d8 e0       	ldi	r29, 0x08	; 8
      5c:	de bf       	out	0x3e, r29	; 62
      5e:	cd bf       	out	0x3d, r28	; 61

00000060 <__do_copy_data>:
      60:	10 e0       	ldi	r17, 0x00	; 0
      62:	a0 e6       	ldi	r26, 0x60	; 96
      64:	b0 e0       	ldi	r27, 0x00	; 0
      66:	e6 e5       	ldi	r30, 0x56	; 86
      68:	f4 e2       	ldi	r31, 0x24	; 36
      6a:	02 c0       	rjmp	.+4      	; 0x70 <.do_copy_data_start>

0000006c <.do_copy_data_loop>:
      6c:	05 90       	lpm	r0, Z+
      6e:	0d 92       	st	X+, r0

00000070 <.do_copy_data_start>:
      70:	a0 38       	cpi	r26, 0x80	; 128
      72:	b1 07       	cpc	r27, r17
      74:	d9 f7       	brne	.-10     	; 0x6c <.do_copy_data_loop>

00000076 <__do_clear_bss>:
      76:	10 e0       	ldi	r17, 0x00	; 0
      78:	a0 e8       	ldi	r26, 0x80	; 128
      7a:	b0 e0       	ldi	r27, 0x00	; 0
      7c:	01 c0       	rjmp	.+2      	; 0x80 <.do_clear_bss_start>

0000007e <.do_clear_bss_loop>:
      7e:	1d 92       	st	X+, r1

00000080 <.do_clear_bss_start>:
      80:	a6 39       	cpi	r26, 0x96	; 150
      82:	b1 07       	cpc	r27, r17
      84:	e1 f7       	brne	.-8      	; 0x7e <.do_clear_bss_loop>
      86:	0e 94 e6 10 	call	0x21cc	; 0x21cc <main>
      8a:	0c 94 29 12 	jmp	0x2452	; 0x2452 <_exit>

0000008e <__bad_interrupt>:
      8e:	0c 94 00 00 	jmp	0	; 0x0 <__vectors>

00000092 <__fixunssfsi>:
      92:	ef 92       	push	r14
      94:	ff 92       	push	r15
      96:	0f 93       	push	r16
      98:	1f 93       	push	r17
      9a:	7b 01       	movw	r14, r22
      9c:	8c 01       	movw	r16, r24
      9e:	20 e0       	ldi	r18, 0x00	; 0
      a0:	30 e0       	ldi	r19, 0x00	; 0
      a2:	40 e0       	ldi	r20, 0x00	; 0
      a4:	5f e4       	ldi	r21, 0x4F	; 79
      a6:	0e 94 49 03 	call	0x692	; 0x692 <__gesf2>
      aa:	88 23       	and	r24, r24
      ac:	8c f0       	brlt	.+34     	; 0xd0 <__fixunssfsi+0x3e>
      ae:	c8 01       	movw	r24, r16
      b0:	b7 01       	movw	r22, r14
      b2:	20 e0       	ldi	r18, 0x00	; 0
      b4:	30 e0       	ldi	r19, 0x00	; 0
      b6:	40 e0       	ldi	r20, 0x00	; 0
      b8:	5f e4       	ldi	r21, 0x4F	; 79
      ba:	0e 94 c1 01 	call	0x382	; 0x382 <__subsf3>
      be:	0e 94 a9 03 	call	0x752	; 0x752 <__fixsfsi>
      c2:	9b 01       	movw	r18, r22
      c4:	ac 01       	movw	r20, r24
      c6:	20 50       	subi	r18, 0x00	; 0
      c8:	30 40       	sbci	r19, 0x00	; 0
      ca:	40 40       	sbci	r20, 0x00	; 0
      cc:	50 48       	sbci	r21, 0x80	; 128
      ce:	06 c0       	rjmp	.+12     	; 0xdc <__fixunssfsi+0x4a>
      d0:	c8 01       	movw	r24, r16
      d2:	b7 01       	movw	r22, r14
      d4:	0e 94 a9 03 	call	0x752	; 0x752 <__fixsfsi>
      d8:	9b 01       	movw	r18, r22
      da:	ac 01       	movw	r20, r24
      dc:	b9 01       	movw	r22, r18
      de:	ca 01       	movw	r24, r20
      e0:	1f 91       	pop	r17
      e2:	0f 91       	pop	r16
      e4:	ff 90       	pop	r15
      e6:	ef 90       	pop	r14
      e8:	08 95       	ret

000000ea <_fpadd_parts>:
      ea:	a0 e0       	ldi	r26, 0x00	; 0
      ec:	b0 e0       	ldi	r27, 0x00	; 0
      ee:	eb e7       	ldi	r30, 0x7B	; 123
      f0:	f0 e0       	ldi	r31, 0x00	; 0
      f2:	0c 94 f2 11 	jmp	0x23e4	; 0x23e4 <__prologue_saves__>
      f6:	dc 01       	movw	r26, r24
      f8:	2b 01       	movw	r4, r22
      fa:	fa 01       	movw	r30, r20
      fc:	9c 91       	ld	r25, X
      fe:	92 30       	cpi	r25, 0x02	; 2
     100:	08 f4       	brcc	.+2      	; 0x104 <_fpadd_parts+0x1a>
     102:	39 c1       	rjmp	.+626    	; 0x376 <_fpadd_parts+0x28c>
     104:	eb 01       	movw	r28, r22
     106:	88 81       	ld	r24, Y
     108:	82 30       	cpi	r24, 0x02	; 2
     10a:	08 f4       	brcc	.+2      	; 0x10e <_fpadd_parts+0x24>
     10c:	33 c1       	rjmp	.+614    	; 0x374 <_fpadd_parts+0x28a>
     10e:	94 30       	cpi	r25, 0x04	; 4
     110:	69 f4       	brne	.+26     	; 0x12c <_fpadd_parts+0x42>
     112:	84 30       	cpi	r24, 0x04	; 4
     114:	09 f0       	breq	.+2      	; 0x118 <_fpadd_parts+0x2e>
     116:	2f c1       	rjmp	.+606    	; 0x376 <_fpadd_parts+0x28c>
     118:	11 96       	adiw	r26, 0x01	; 1
     11a:	9c 91       	ld	r25, X
     11c:	11 97       	sbiw	r26, 0x01	; 1
     11e:	89 81       	ldd	r24, Y+1	; 0x01
     120:	98 17       	cp	r25, r24
     122:	09 f4       	brne	.+2      	; 0x126 <_fpadd_parts+0x3c>
     124:	28 c1       	rjmp	.+592    	; 0x376 <_fpadd_parts+0x28c>
     126:	a0 e6       	ldi	r26, 0x60	; 96
     128:	b0 e0       	ldi	r27, 0x00	; 0
     12a:	25 c1       	rjmp	.+586    	; 0x376 <_fpadd_parts+0x28c>
     12c:	84 30       	cpi	r24, 0x04	; 4
     12e:	09 f4       	brne	.+2      	; 0x132 <_fpadd_parts+0x48>
     130:	21 c1       	rjmp	.+578    	; 0x374 <_fpadd_parts+0x28a>
     132:	82 30       	cpi	r24, 0x02	; 2
     134:	a9 f4       	brne	.+42     	; 0x160 <_fpadd_parts+0x76>
     136:	92 30       	cpi	r25, 0x02	; 2
     138:	09 f0       	breq	.+2      	; 0x13c <_fpadd_parts+0x52>
     13a:	1d c1       	rjmp	.+570    	; 0x376 <_fpadd_parts+0x28c>
     13c:	9a 01       	movw	r18, r20
     13e:	ad 01       	movw	r20, r26
     140:	88 e0       	ldi	r24, 0x08	; 8
     142:	ea 01       	movw	r28, r20
     144:	09 90       	ld	r0, Y+
     146:	ae 01       	movw	r20, r28
     148:	e9 01       	movw	r28, r18
     14a:	09 92       	st	Y+, r0
     14c:	9e 01       	movw	r18, r28
     14e:	81 50       	subi	r24, 0x01	; 1
     150:	c1 f7       	brne	.-16     	; 0x142 <_fpadd_parts+0x58>
     152:	e2 01       	movw	r28, r4
     154:	89 81       	ldd	r24, Y+1	; 0x01
     156:	11 96       	adiw	r26, 0x01	; 1
     158:	9c 91       	ld	r25, X
     15a:	89 23       	and	r24, r25
     15c:	81 83       	std	Z+1, r24	; 0x01
     15e:	08 c1       	rjmp	.+528    	; 0x370 <_fpadd_parts+0x286>
     160:	92 30       	cpi	r25, 0x02	; 2
     162:	09 f4       	brne	.+2      	; 0x166 <_fpadd_parts+0x7c>
     164:	07 c1       	rjmp	.+526    	; 0x374 <_fpadd_parts+0x28a>
     166:	12 96       	adiw	r26, 0x02	; 2
     168:	2d 90       	ld	r2, X+
     16a:	3c 90       	ld	r3, X
     16c:	13 97       	sbiw	r26, 0x03	; 3
     16e:	eb 01       	movw	r28, r22
     170:	8a 81       	ldd	r24, Y+2	; 0x02
     172:	9b 81       	ldd	r25, Y+3	; 0x03
     174:	14 96       	adiw	r26, 0x04	; 4
     176:	ad 90       	ld	r10, X+
     178:	bd 90       	ld	r11, X+
     17a:	cd 90       	ld	r12, X+
     17c:	dc 90       	ld	r13, X
     17e:	17 97       	sbiw	r26, 0x07	; 7
     180:	ec 80       	ldd	r14, Y+4	; 0x04
     182:	fd 80       	ldd	r15, Y+5	; 0x05
     184:	0e 81       	ldd	r16, Y+6	; 0x06
     186:	1f 81       	ldd	r17, Y+7	; 0x07
     188:	91 01       	movw	r18, r2
     18a:	28 1b       	sub	r18, r24
     18c:	39 0b       	sbc	r19, r25
     18e:	b9 01       	movw	r22, r18
     190:	37 ff       	sbrs	r19, 7
     192:	04 c0       	rjmp	.+8      	; 0x19c <_fpadd_parts+0xb2>
     194:	66 27       	eor	r22, r22
     196:	77 27       	eor	r23, r23
     198:	62 1b       	sub	r22, r18
     19a:	73 0b       	sbc	r23, r19
     19c:	60 32       	cpi	r22, 0x20	; 32
     19e:	71 05       	cpc	r23, r1
     1a0:	0c f0       	brlt	.+2      	; 0x1a4 <_fpadd_parts+0xba>
     1a2:	61 c0       	rjmp	.+194    	; 0x266 <_fpadd_parts+0x17c>
     1a4:	12 16       	cp	r1, r18
     1a6:	13 06       	cpc	r1, r19
     1a8:	6c f5       	brge	.+90     	; 0x204 <_fpadd_parts+0x11a>
     1aa:	37 01       	movw	r6, r14
     1ac:	48 01       	movw	r8, r16
     1ae:	06 2e       	mov	r0, r22
     1b0:	04 c0       	rjmp	.+8      	; 0x1ba <_fpadd_parts+0xd0>
     1b2:	96 94       	lsr	r9
     1b4:	87 94       	ror	r8
     1b6:	77 94       	ror	r7
     1b8:	67 94       	ror	r6
     1ba:	0a 94       	dec	r0
     1bc:	d2 f7       	brpl	.-12     	; 0x1b2 <_fpadd_parts+0xc8>
     1be:	21 e0       	ldi	r18, 0x01	; 1
     1c0:	30 e0       	ldi	r19, 0x00	; 0
     1c2:	40 e0       	ldi	r20, 0x00	; 0
     1c4:	50 e0       	ldi	r21, 0x00	; 0
     1c6:	04 c0       	rjmp	.+8      	; 0x1d0 <_fpadd_parts+0xe6>
     1c8:	22 0f       	add	r18, r18
     1ca:	33 1f       	adc	r19, r19
     1cc:	44 1f       	adc	r20, r20
     1ce:	55 1f       	adc	r21, r21
     1d0:	6a 95       	dec	r22
     1d2:	d2 f7       	brpl	.-12     	; 0x1c8 <_fpadd_parts+0xde>
     1d4:	21 50       	subi	r18, 0x01	; 1
     1d6:	30 40       	sbci	r19, 0x00	; 0
     1d8:	40 40       	sbci	r20, 0x00	; 0
     1da:	50 40       	sbci	r21, 0x00	; 0
     1dc:	2e 21       	and	r18, r14
     1de:	3f 21       	and	r19, r15
     1e0:	40 23       	and	r20, r16
     1e2:	51 23       	and	r21, r17
     1e4:	21 15       	cp	r18, r1
     1e6:	31 05       	cpc	r19, r1
     1e8:	41 05       	cpc	r20, r1
     1ea:	51 05       	cpc	r21, r1
     1ec:	21 f0       	breq	.+8      	; 0x1f6 <_fpadd_parts+0x10c>
     1ee:	21 e0       	ldi	r18, 0x01	; 1
     1f0:	30 e0       	ldi	r19, 0x00	; 0
     1f2:	40 e0       	ldi	r20, 0x00	; 0
     1f4:	50 e0       	ldi	r21, 0x00	; 0
     1f6:	79 01       	movw	r14, r18
     1f8:	8a 01       	movw	r16, r20
     1fa:	e6 28       	or	r14, r6
     1fc:	f7 28       	or	r15, r7
     1fe:	08 29       	or	r16, r8
     200:	19 29       	or	r17, r9
     202:	3c c0       	rjmp	.+120    	; 0x27c <_fpadd_parts+0x192>
     204:	23 2b       	or	r18, r19
     206:	d1 f1       	breq	.+116    	; 0x27c <_fpadd_parts+0x192>
     208:	26 0e       	add	r2, r22
     20a:	37 1e       	adc	r3, r23
     20c:	35 01       	movw	r6, r10
     20e:	46 01       	movw	r8, r12
     210:	06 2e       	mov	r0, r22
     212:	04 c0       	rjmp	.+8      	; 0x21c <_fpadd_parts+0x132>
     214:	96 94       	lsr	r9
     216:	87 94       	ror	r8
     218:	77 94       	ror	r7
     21a:	67 94       	ror	r6
     21c:	0a 94       	dec	r0
     21e:	d2 f7       	brpl	.-12     	; 0x214 <_fpadd_parts+0x12a>
     220:	21 e0       	ldi	r18, 0x01	; 1
     222:	30 e0       	ldi	r19, 0x00	; 0
     224:	40 e0       	ldi	r20, 0x00	; 0
     226:	50 e0       	ldi	r21, 0x00	; 0
     228:	04 c0       	rjmp	.+8      	; 0x232 <_fpadd_parts+0x148>
     22a:	22 0f       	add	r18, r18
     22c:	33 1f       	adc	r19, r19
     22e:	44 1f       	adc	r20, r20
     230:	55 1f       	adc	r21, r21
     232:	6a 95       	dec	r22
     234:	d2 f7       	brpl	.-12     	; 0x22a <_fpadd_parts+0x140>
     236:	21 50       	subi	r18, 0x01	; 1
     238:	30 40       	sbci	r19, 0x00	; 0
     23a:	40 40       	sbci	r20, 0x00	; 0
     23c:	50 40       	sbci	r21, 0x00	; 0
     23e:	2a 21       	and	r18, r10
     240:	3b 21       	and	r19, r11
     242:	4c 21       	and	r20, r12
     244:	5d 21       	and	r21, r13
     246:	21 15       	cp	r18, r1
     248:	31 05       	cpc	r19, r1
     24a:	41 05       	cpc	r20, r1
     24c:	51 05       	cpc	r21, r1
     24e:	21 f0       	breq	.+8      	; 0x258 <_fpadd_parts+0x16e>
     250:	21 e0       	ldi	r18, 0x01	; 1
     252:	30 e0       	ldi	r19, 0x00	; 0
     254:	40 e0       	ldi	r20, 0x00	; 0
     256:	50 e0       	ldi	r21, 0x00	; 0
     258:	59 01       	movw	r10, r18
     25a:	6a 01       	movw	r12, r20
     25c:	a6 28       	or	r10, r6
     25e:	b7 28       	or	r11, r7
     260:	c8 28       	or	r12, r8
     262:	d9 28       	or	r13, r9
     264:	0b c0       	rjmp	.+22     	; 0x27c <_fpadd_parts+0x192>
     266:	82 15       	cp	r24, r2
     268:	93 05       	cpc	r25, r3
     26a:	2c f0       	brlt	.+10     	; 0x276 <_fpadd_parts+0x18c>
     26c:	1c 01       	movw	r2, r24
     26e:	aa 24       	eor	r10, r10
     270:	bb 24       	eor	r11, r11
     272:	65 01       	movw	r12, r10
     274:	03 c0       	rjmp	.+6      	; 0x27c <_fpadd_parts+0x192>
     276:	ee 24       	eor	r14, r14
     278:	ff 24       	eor	r15, r15
     27a:	87 01       	movw	r16, r14
     27c:	11 96       	adiw	r26, 0x01	; 1
     27e:	9c 91       	ld	r25, X
     280:	d2 01       	movw	r26, r4
     282:	11 96       	adiw	r26, 0x01	; 1
     284:	8c 91       	ld	r24, X
     286:	98 17       	cp	r25, r24
     288:	09 f4       	brne	.+2      	; 0x28c <_fpadd_parts+0x1a2>
     28a:	45 c0       	rjmp	.+138    	; 0x316 <_fpadd_parts+0x22c>
     28c:	99 23       	and	r25, r25
     28e:	39 f0       	breq	.+14     	; 0x29e <_fpadd_parts+0x1b4>
     290:	a8 01       	movw	r20, r16
     292:	97 01       	movw	r18, r14
     294:	2a 19       	sub	r18, r10
     296:	3b 09       	sbc	r19, r11
     298:	4c 09       	sbc	r20, r12
     29a:	5d 09       	sbc	r21, r13
     29c:	06 c0       	rjmp	.+12     	; 0x2aa <_fpadd_parts+0x1c0>
     29e:	a6 01       	movw	r20, r12
     2a0:	95 01       	movw	r18, r10
     2a2:	2e 19       	sub	r18, r14
     2a4:	3f 09       	sbc	r19, r15
     2a6:	40 0b       	sbc	r20, r16
     2a8:	51 0b       	sbc	r21, r17
     2aa:	57 fd       	sbrc	r21, 7
     2ac:	08 c0       	rjmp	.+16     	; 0x2be <_fpadd_parts+0x1d4>
     2ae:	11 82       	std	Z+1, r1	; 0x01
     2b0:	33 82       	std	Z+3, r3	; 0x03
     2b2:	22 82       	std	Z+2, r2	; 0x02
     2b4:	24 83       	std	Z+4, r18	; 0x04
     2b6:	35 83       	std	Z+5, r19	; 0x05
     2b8:	46 83       	std	Z+6, r20	; 0x06
     2ba:	57 83       	std	Z+7, r21	; 0x07
     2bc:	1d c0       	rjmp	.+58     	; 0x2f8 <_fpadd_parts+0x20e>
     2be:	81 e0       	ldi	r24, 0x01	; 1
     2c0:	81 83       	std	Z+1, r24	; 0x01
     2c2:	33 82       	std	Z+3, r3	; 0x03
     2c4:	22 82       	std	Z+2, r2	; 0x02
     2c6:	88 27       	eor	r24, r24
     2c8:	99 27       	eor	r25, r25
     2ca:	dc 01       	movw	r26, r24
     2cc:	82 1b       	sub	r24, r18
     2ce:	93 0b       	sbc	r25, r19
     2d0:	a4 0b       	sbc	r26, r20
     2d2:	b5 0b       	sbc	r27, r21
     2d4:	84 83       	std	Z+4, r24	; 0x04
     2d6:	95 83       	std	Z+5, r25	; 0x05
     2d8:	a6 83       	std	Z+6, r26	; 0x06
     2da:	b7 83       	std	Z+7, r27	; 0x07
     2dc:	0d c0       	rjmp	.+26     	; 0x2f8 <_fpadd_parts+0x20e>
     2de:	22 0f       	add	r18, r18
     2e0:	33 1f       	adc	r19, r19
     2e2:	44 1f       	adc	r20, r20
     2e4:	55 1f       	adc	r21, r21
     2e6:	24 83       	std	Z+4, r18	; 0x04
     2e8:	35 83       	std	Z+5, r19	; 0x05
     2ea:	46 83       	std	Z+6, r20	; 0x06
     2ec:	57 83       	std	Z+7, r21	; 0x07
     2ee:	82 81       	ldd	r24, Z+2	; 0x02
     2f0:	93 81       	ldd	r25, Z+3	; 0x03
     2f2:	01 97       	sbiw	r24, 0x01	; 1
     2f4:	93 83       	std	Z+3, r25	; 0x03
     2f6:	82 83       	std	Z+2, r24	; 0x02
     2f8:	24 81       	ldd	r18, Z+4	; 0x04
     2fa:	35 81       	ldd	r19, Z+5	; 0x05
     2fc:	46 81       	ldd	r20, Z+6	; 0x06
     2fe:	57 81       	ldd	r21, Z+7	; 0x07
     300:	da 01       	movw	r26, r20
     302:	c9 01       	movw	r24, r18
     304:	01 97       	sbiw	r24, 0x01	; 1
     306:	a1 09       	sbc	r26, r1
     308:	b1 09       	sbc	r27, r1
     30a:	8f 5f       	subi	r24, 0xFF	; 255
     30c:	9f 4f       	sbci	r25, 0xFF	; 255
     30e:	af 4f       	sbci	r26, 0xFF	; 255
     310:	bf 43       	sbci	r27, 0x3F	; 63
     312:	28 f3       	brcs	.-54     	; 0x2de <_fpadd_parts+0x1f4>
     314:	0b c0       	rjmp	.+22     	; 0x32c <_fpadd_parts+0x242>
     316:	91 83       	std	Z+1, r25	; 0x01
     318:	33 82       	std	Z+3, r3	; 0x03
     31a:	22 82       	std	Z+2, r2	; 0x02
     31c:	ea 0c       	add	r14, r10
     31e:	fb 1c       	adc	r15, r11
     320:	0c 1d       	adc	r16, r12
     322:	1d 1d       	adc	r17, r13
     324:	e4 82       	std	Z+4, r14	; 0x04
     326:	f5 82       	std	Z+5, r15	; 0x05
     328:	06 83       	std	Z+6, r16	; 0x06
     32a:	17 83       	std	Z+7, r17	; 0x07
     32c:	83 e0       	ldi	r24, 0x03	; 3
     32e:	80 83       	st	Z, r24
     330:	24 81       	ldd	r18, Z+4	; 0x04
     332:	35 81       	ldd	r19, Z+5	; 0x05
     334:	46 81       	ldd	r20, Z+6	; 0x06
     336:	57 81       	ldd	r21, Z+7	; 0x07
     338:	57 ff       	sbrs	r21, 7
     33a:	1a c0       	rjmp	.+52     	; 0x370 <_fpadd_parts+0x286>
     33c:	c9 01       	movw	r24, r18
     33e:	aa 27       	eor	r26, r26
     340:	97 fd       	sbrc	r25, 7
     342:	a0 95       	com	r26
     344:	ba 2f       	mov	r27, r26
     346:	81 70       	andi	r24, 0x01	; 1
     348:	90 70       	andi	r25, 0x00	; 0
     34a:	a0 70       	andi	r26, 0x00	; 0
     34c:	b0 70       	andi	r27, 0x00	; 0
     34e:	56 95       	lsr	r21
     350:	47 95       	ror	r20
     352:	37 95       	ror	r19
     354:	27 95       	ror	r18
     356:	82 2b       	or	r24, r18
     358:	93 2b       	or	r25, r19
     35a:	a4 2b       	or	r26, r20
     35c:	b5 2b       	or	r27, r21
     35e:	84 83       	std	Z+4, r24	; 0x04
     360:	95 83       	std	Z+5, r25	; 0x05
     362:	a6 83       	std	Z+6, r26	; 0x06
     364:	b7 83       	std	Z+7, r27	; 0x07
     366:	82 81       	ldd	r24, Z+2	; 0x02
     368:	93 81       	ldd	r25, Z+3	; 0x03
     36a:	01 96       	adiw	r24, 0x01	; 1
     36c:	93 83       	std	Z+3, r25	; 0x03
     36e:	82 83       	std	Z+2, r24	; 0x02
     370:	df 01       	movw	r26, r30
     372:	01 c0       	rjmp	.+2      	; 0x376 <_fpadd_parts+0x28c>
     374:	d2 01       	movw	r26, r4
     376:	cd 01       	movw	r24, r26
     378:	cd b7       	in	r28, 0x3d	; 61
     37a:	de b7       	in	r29, 0x3e	; 62
     37c:	e2 e1       	ldi	r30, 0x12	; 18
     37e:	0c 94 0e 12 	jmp	0x241c	; 0x241c <__epilogue_restores__>

00000382 <__subsf3>:
     382:	a0 e2       	ldi	r26, 0x20	; 32
     384:	b0 e0       	ldi	r27, 0x00	; 0
     386:	e7 ec       	ldi	r30, 0xC7	; 199
     388:	f1 e0       	ldi	r31, 0x01	; 1
     38a:	0c 94 fe 11 	jmp	0x23fc	; 0x23fc <__prologue_saves__+0x18>
     38e:	69 83       	std	Y+1, r22	; 0x01
     390:	7a 83       	std	Y+2, r23	; 0x02
     392:	8b 83       	std	Y+3, r24	; 0x03
     394:	9c 83       	std	Y+4, r25	; 0x04
     396:	2d 83       	std	Y+5, r18	; 0x05
     398:	3e 83       	std	Y+6, r19	; 0x06
     39a:	4f 83       	std	Y+7, r20	; 0x07
     39c:	58 87       	std	Y+8, r21	; 0x08
     39e:	e9 e0       	ldi	r30, 0x09	; 9
     3a0:	ee 2e       	mov	r14, r30
     3a2:	f1 2c       	mov	r15, r1
     3a4:	ec 0e       	add	r14, r28
     3a6:	fd 1e       	adc	r15, r29
     3a8:	ce 01       	movw	r24, r28
     3aa:	01 96       	adiw	r24, 0x01	; 1
     3ac:	b7 01       	movw	r22, r14
     3ae:	0e 94 d2 04 	call	0x9a4	; 0x9a4 <__unpack_f>
     3b2:	8e 01       	movw	r16, r28
     3b4:	0f 5e       	subi	r16, 0xEF	; 239
     3b6:	1f 4f       	sbci	r17, 0xFF	; 255
     3b8:	ce 01       	movw	r24, r28
     3ba:	05 96       	adiw	r24, 0x05	; 5
     3bc:	b8 01       	movw	r22, r16
     3be:	0e 94 d2 04 	call	0x9a4	; 0x9a4 <__unpack_f>
     3c2:	8a 89       	ldd	r24, Y+18	; 0x12
     3c4:	91 e0       	ldi	r25, 0x01	; 1
     3c6:	89 27       	eor	r24, r25
     3c8:	8a 8b       	std	Y+18, r24	; 0x12
     3ca:	c7 01       	movw	r24, r14
     3cc:	b8 01       	movw	r22, r16
     3ce:	ae 01       	movw	r20, r28
     3d0:	47 5e       	subi	r20, 0xE7	; 231
     3d2:	5f 4f       	sbci	r21, 0xFF	; 255
     3d4:	0e 94 75 00 	call	0xea	; 0xea <_fpadd_parts>
     3d8:	0e 94 fd 03 	call	0x7fa	; 0x7fa <__pack_f>
     3dc:	a0 96       	adiw	r28, 0x20	; 32
     3de:	e6 e0       	ldi	r30, 0x06	; 6
     3e0:	0c 94 1a 12 	jmp	0x2434	; 0x2434 <__epilogue_restores__+0x18>

000003e4 <__addsf3>:
     3e4:	a0 e2       	ldi	r26, 0x20	; 32
     3e6:	b0 e0       	ldi	r27, 0x00	; 0
     3e8:	e8 ef       	ldi	r30, 0xF8	; 248
     3ea:	f1 e0       	ldi	r31, 0x01	; 1
     3ec:	0c 94 fe 11 	jmp	0x23fc	; 0x23fc <__prologue_saves__+0x18>
     3f0:	69 83       	std	Y+1, r22	; 0x01
     3f2:	7a 83       	std	Y+2, r23	; 0x02
     3f4:	8b 83       	std	Y+3, r24	; 0x03
     3f6:	9c 83       	std	Y+4, r25	; 0x04
     3f8:	2d 83       	std	Y+5, r18	; 0x05
     3fa:	3e 83       	std	Y+6, r19	; 0x06
     3fc:	4f 83       	std	Y+7, r20	; 0x07
     3fe:	58 87       	std	Y+8, r21	; 0x08
     400:	f9 e0       	ldi	r31, 0x09	; 9
     402:	ef 2e       	mov	r14, r31
     404:	f1 2c       	mov	r15, r1
     406:	ec 0e       	add	r14, r28
     408:	fd 1e       	adc	r15, r29
     40a:	ce 01       	movw	r24, r28
     40c:	01 96       	adiw	r24, 0x01	; 1
     40e:	b7 01       	movw	r22, r14
     410:	0e 94 d2 04 	call	0x9a4	; 0x9a4 <__unpack_f>
     414:	8e 01       	movw	r16, r28
     416:	0f 5e       	subi	r16, 0xEF	; 239
     418:	1f 4f       	sbci	r17, 0xFF	; 255
     41a:	ce 01       	movw	r24, r28
     41c:	05 96       	adiw	r24, 0x05	; 5
     41e:	b8 01       	movw	r22, r16
     420:	0e 94 d2 04 	call	0x9a4	; 0x9a4 <__unpack_f>
     424:	c7 01       	movw	r24, r14
     426:	b8 01       	movw	r22, r16
     428:	ae 01       	movw	r20, r28
     42a:	47 5e       	subi	r20, 0xE7	; 231
     42c:	5f 4f       	sbci	r21, 0xFF	; 255
     42e:	0e 94 75 00 	call	0xea	; 0xea <_fpadd_parts>
     432:	0e 94 fd 03 	call	0x7fa	; 0x7fa <__pack_f>
     436:	a0 96       	adiw	r28, 0x20	; 32
     438:	e6 e0       	ldi	r30, 0x06	; 6
     43a:	0c 94 1a 12 	jmp	0x2434	; 0x2434 <__epilogue_restores__+0x18>

0000043e <__mulsf3>:
     43e:	a0 e2       	ldi	r26, 0x20	; 32
     440:	b0 e0       	ldi	r27, 0x00	; 0
     442:	e5 e2       	ldi	r30, 0x25	; 37
     444:	f2 e0       	ldi	r31, 0x02	; 2
     446:	0c 94 f2 11 	jmp	0x23e4	; 0x23e4 <__prologue_saves__>
     44a:	69 83       	std	Y+1, r22	; 0x01
     44c:	7a 83       	std	Y+2, r23	; 0x02
     44e:	8b 83       	std	Y+3, r24	; 0x03
     450:	9c 83       	std	Y+4, r25	; 0x04
     452:	2d 83       	std	Y+5, r18	; 0x05
     454:	3e 83       	std	Y+6, r19	; 0x06
     456:	4f 83       	std	Y+7, r20	; 0x07
     458:	58 87       	std	Y+8, r21	; 0x08
     45a:	ce 01       	movw	r24, r28
     45c:	01 96       	adiw	r24, 0x01	; 1
     45e:	be 01       	movw	r22, r28
     460:	67 5f       	subi	r22, 0xF7	; 247
     462:	7f 4f       	sbci	r23, 0xFF	; 255
     464:	0e 94 d2 04 	call	0x9a4	; 0x9a4 <__unpack_f>
     468:	ce 01       	movw	r24, r28
     46a:	05 96       	adiw	r24, 0x05	; 5
     46c:	be 01       	movw	r22, r28
     46e:	6f 5e       	subi	r22, 0xEF	; 239
     470:	7f 4f       	sbci	r23, 0xFF	; 255
     472:	0e 94 d2 04 	call	0x9a4	; 0x9a4 <__unpack_f>
     476:	99 85       	ldd	r25, Y+9	; 0x09
     478:	92 30       	cpi	r25, 0x02	; 2
     47a:	88 f0       	brcs	.+34     	; 0x49e <__mulsf3+0x60>
     47c:	89 89       	ldd	r24, Y+17	; 0x11
     47e:	82 30       	cpi	r24, 0x02	; 2
     480:	c8 f0       	brcs	.+50     	; 0x4b4 <__mulsf3+0x76>
     482:	94 30       	cpi	r25, 0x04	; 4
     484:	19 f4       	brne	.+6      	; 0x48c <__mulsf3+0x4e>
     486:	82 30       	cpi	r24, 0x02	; 2
     488:	51 f4       	brne	.+20     	; 0x49e <__mulsf3+0x60>
     48a:	04 c0       	rjmp	.+8      	; 0x494 <__mulsf3+0x56>
     48c:	84 30       	cpi	r24, 0x04	; 4
     48e:	29 f4       	brne	.+10     	; 0x49a <__mulsf3+0x5c>
     490:	92 30       	cpi	r25, 0x02	; 2
     492:	81 f4       	brne	.+32     	; 0x4b4 <__mulsf3+0x76>
     494:	80 e6       	ldi	r24, 0x60	; 96
     496:	90 e0       	ldi	r25, 0x00	; 0
     498:	c6 c0       	rjmp	.+396    	; 0x626 <__mulsf3+0x1e8>
     49a:	92 30       	cpi	r25, 0x02	; 2
     49c:	49 f4       	brne	.+18     	; 0x4b0 <__mulsf3+0x72>
     49e:	20 e0       	ldi	r18, 0x00	; 0
     4a0:	9a 85       	ldd	r25, Y+10	; 0x0a
     4a2:	8a 89       	ldd	r24, Y+18	; 0x12
     4a4:	98 13       	cpse	r25, r24
     4a6:	21 e0       	ldi	r18, 0x01	; 1
     4a8:	2a 87       	std	Y+10, r18	; 0x0a
     4aa:	ce 01       	movw	r24, r28
     4ac:	09 96       	adiw	r24, 0x09	; 9
     4ae:	bb c0       	rjmp	.+374    	; 0x626 <__mulsf3+0x1e8>
     4b0:	82 30       	cpi	r24, 0x02	; 2
     4b2:	49 f4       	brne	.+18     	; 0x4c6 <__mulsf3+0x88>
     4b4:	20 e0       	ldi	r18, 0x00	; 0
     4b6:	9a 85       	ldd	r25, Y+10	; 0x0a
     4b8:	8a 89       	ldd	r24, Y+18	; 0x12
     4ba:	98 13       	cpse	r25, r24
     4bc:	21 e0       	ldi	r18, 0x01	; 1
     4be:	2a 8b       	std	Y+18, r18	; 0x12
     4c0:	ce 01       	movw	r24, r28
     4c2:	41 96       	adiw	r24, 0x11	; 17
     4c4:	b0 c0       	rjmp	.+352    	; 0x626 <__mulsf3+0x1e8>
     4c6:	2d 84       	ldd	r2, Y+13	; 0x0d
     4c8:	3e 84       	ldd	r3, Y+14	; 0x0e
     4ca:	4f 84       	ldd	r4, Y+15	; 0x0f
     4cc:	58 88       	ldd	r5, Y+16	; 0x10
     4ce:	6d 88       	ldd	r6, Y+21	; 0x15
     4d0:	7e 88       	ldd	r7, Y+22	; 0x16
     4d2:	8f 88       	ldd	r8, Y+23	; 0x17
     4d4:	98 8c       	ldd	r9, Y+24	; 0x18
     4d6:	ee 24       	eor	r14, r14
     4d8:	ff 24       	eor	r15, r15
     4da:	87 01       	movw	r16, r14
     4dc:	aa 24       	eor	r10, r10
     4de:	bb 24       	eor	r11, r11
     4e0:	65 01       	movw	r12, r10
     4e2:	40 e0       	ldi	r20, 0x00	; 0
     4e4:	50 e0       	ldi	r21, 0x00	; 0
     4e6:	60 e0       	ldi	r22, 0x00	; 0
     4e8:	70 e0       	ldi	r23, 0x00	; 0
     4ea:	e0 e0       	ldi	r30, 0x00	; 0
     4ec:	f0 e0       	ldi	r31, 0x00	; 0
     4ee:	c1 01       	movw	r24, r2
     4f0:	81 70       	andi	r24, 0x01	; 1
     4f2:	90 70       	andi	r25, 0x00	; 0
     4f4:	89 2b       	or	r24, r25
     4f6:	e9 f0       	breq	.+58     	; 0x532 <__mulsf3+0xf4>
     4f8:	e6 0c       	add	r14, r6
     4fa:	f7 1c       	adc	r15, r7
     4fc:	08 1d       	adc	r16, r8
     4fe:	19 1d       	adc	r17, r9
     500:	9a 01       	movw	r18, r20
     502:	ab 01       	movw	r20, r22
     504:	2a 0d       	add	r18, r10
     506:	3b 1d       	adc	r19, r11
     508:	4c 1d       	adc	r20, r12
     50a:	5d 1d       	adc	r21, r13
     50c:	80 e0       	ldi	r24, 0x00	; 0
     50e:	90 e0       	ldi	r25, 0x00	; 0
     510:	a0 e0       	ldi	r26, 0x00	; 0
     512:	b0 e0       	ldi	r27, 0x00	; 0
     514:	e6 14       	cp	r14, r6
     516:	f7 04       	cpc	r15, r7
     518:	08 05       	cpc	r16, r8
     51a:	19 05       	cpc	r17, r9
     51c:	20 f4       	brcc	.+8      	; 0x526 <__mulsf3+0xe8>
     51e:	81 e0       	ldi	r24, 0x01	; 1
     520:	90 e0       	ldi	r25, 0x00	; 0
     522:	a0 e0       	ldi	r26, 0x00	; 0
     524:	b0 e0       	ldi	r27, 0x00	; 0
     526:	ba 01       	movw	r22, r20
     528:	a9 01       	movw	r20, r18
     52a:	48 0f       	add	r20, r24
     52c:	59 1f       	adc	r21, r25
     52e:	6a 1f       	adc	r22, r26
     530:	7b 1f       	adc	r23, r27
     532:	aa 0c       	add	r10, r10
     534:	bb 1c       	adc	r11, r11
     536:	cc 1c       	adc	r12, r12
     538:	dd 1c       	adc	r13, r13
     53a:	97 fe       	sbrs	r9, 7
     53c:	08 c0       	rjmp	.+16     	; 0x54e <__mulsf3+0x110>
     53e:	81 e0       	ldi	r24, 0x01	; 1
     540:	90 e0       	ldi	r25, 0x00	; 0
     542:	a0 e0       	ldi	r26, 0x00	; 0
     544:	b0 e0       	ldi	r27, 0x00	; 0
     546:	a8 2a       	or	r10, r24
     548:	b9 2a       	or	r11, r25
     54a:	ca 2a       	or	r12, r26
     54c:	db 2a       	or	r13, r27
     54e:	31 96       	adiw	r30, 0x01	; 1
     550:	e0 32       	cpi	r30, 0x20	; 32
     552:	f1 05       	cpc	r31, r1
     554:	49 f0       	breq	.+18     	; 0x568 <__mulsf3+0x12a>
     556:	66 0c       	add	r6, r6
     558:	77 1c       	adc	r7, r7
     55a:	88 1c       	adc	r8, r8
     55c:	99 1c       	adc	r9, r9
     55e:	56 94       	lsr	r5
     560:	47 94       	ror	r4
     562:	37 94       	ror	r3
     564:	27 94       	ror	r2
     566:	c3 cf       	rjmp	.-122    	; 0x4ee <__mulsf3+0xb0>
     568:	fa 85       	ldd	r31, Y+10	; 0x0a
     56a:	ea 89       	ldd	r30, Y+18	; 0x12
     56c:	2b 89       	ldd	r18, Y+19	; 0x13
     56e:	3c 89       	ldd	r19, Y+20	; 0x14
     570:	8b 85       	ldd	r24, Y+11	; 0x0b
     572:	9c 85       	ldd	r25, Y+12	; 0x0c
     574:	28 0f       	add	r18, r24
     576:	39 1f       	adc	r19, r25
     578:	2e 5f       	subi	r18, 0xFE	; 254
     57a:	3f 4f       	sbci	r19, 0xFF	; 255
     57c:	17 c0       	rjmp	.+46     	; 0x5ac <__mulsf3+0x16e>
     57e:	ca 01       	movw	r24, r20
     580:	81 70       	andi	r24, 0x01	; 1
     582:	90 70       	andi	r25, 0x00	; 0
     584:	89 2b       	or	r24, r25
     586:	61 f0       	breq	.+24     	; 0x5a0 <__mulsf3+0x162>
     588:	16 95       	lsr	r17
     58a:	07 95       	ror	r16
     58c:	f7 94       	ror	r15
     58e:	e7 94       	ror	r14
     590:	80 e0       	ldi	r24, 0x00	; 0
     592:	90 e0       	ldi	r25, 0x00	; 0
     594:	a0 e0       	ldi	r26, 0x00	; 0
     596:	b0 e8       	ldi	r27, 0x80	; 128
     598:	e8 2a       	or	r14, r24
     59a:	f9 2a       	or	r15, r25
     59c:	0a 2b       	or	r16, r26
     59e:	1b 2b       	or	r17, r27
     5a0:	76 95       	lsr	r23
     5a2:	67 95       	ror	r22
     5a4:	57 95       	ror	r21
     5a6:	47 95       	ror	r20
     5a8:	2f 5f       	subi	r18, 0xFF	; 255
     5aa:	3f 4f       	sbci	r19, 0xFF	; 255
     5ac:	77 fd       	sbrc	r23, 7
     5ae:	e7 cf       	rjmp	.-50     	; 0x57e <__mulsf3+0x140>
     5b0:	0c c0       	rjmp	.+24     	; 0x5ca <__mulsf3+0x18c>
     5b2:	44 0f       	add	r20, r20
     5b4:	55 1f       	adc	r21, r21
     5b6:	66 1f       	adc	r22, r22
     5b8:	77 1f       	adc	r23, r23
     5ba:	17 fd       	sbrc	r17, 7
     5bc:	41 60       	ori	r20, 0x01	; 1
     5be:	ee 0c       	add	r14, r14
     5c0:	ff 1c       	adc	r15, r15
     5c2:	00 1f       	adc	r16, r16
     5c4:	11 1f       	adc	r17, r17
     5c6:	21 50       	subi	r18, 0x01	; 1
     5c8:	30 40       	sbci	r19, 0x00	; 0
     5ca:	40 30       	cpi	r20, 0x00	; 0
     5cc:	90 e0       	ldi	r25, 0x00	; 0
     5ce:	59 07       	cpc	r21, r25
     5d0:	90 e0       	ldi	r25, 0x00	; 0
     5d2:	69 07       	cpc	r22, r25
     5d4:	90 e4       	ldi	r25, 0x40	; 64
     5d6:	79 07       	cpc	r23, r25
     5d8:	60 f3       	brcs	.-40     	; 0x5b2 <__mulsf3+0x174>
     5da:	2b 8f       	std	Y+27, r18	; 0x1b
     5dc:	3c 8f       	std	Y+28, r19	; 0x1c
     5de:	db 01       	movw	r26, r22
     5e0:	ca 01       	movw	r24, r20
     5e2:	8f 77       	andi	r24, 0x7F	; 127
     5e4:	90 70       	andi	r25, 0x00	; 0
     5e6:	a0 70       	andi	r26, 0x00	; 0
     5e8:	b0 70       	andi	r27, 0x00	; 0
     5ea:	80 34       	cpi	r24, 0x40	; 64
     5ec:	91 05       	cpc	r25, r1
     5ee:	a1 05       	cpc	r26, r1
     5f0:	b1 05       	cpc	r27, r1
     5f2:	61 f4       	brne	.+24     	; 0x60c <__mulsf3+0x1ce>
     5f4:	47 fd       	sbrc	r20, 7
     5f6:	0a c0       	rjmp	.+20     	; 0x60c <__mulsf3+0x1ce>
     5f8:	e1 14       	cp	r14, r1
     5fa:	f1 04       	cpc	r15, r1
     5fc:	01 05       	cpc	r16, r1
     5fe:	11 05       	cpc	r17, r1
     600:	29 f0       	breq	.+10     	; 0x60c <__mulsf3+0x1ce>
     602:	40 5c       	subi	r20, 0xC0	; 192
     604:	5f 4f       	sbci	r21, 0xFF	; 255
     606:	6f 4f       	sbci	r22, 0xFF	; 255
     608:	7f 4f       	sbci	r23, 0xFF	; 255
     60a:	40 78       	andi	r20, 0x80	; 128
     60c:	1a 8e       	std	Y+26, r1	; 0x1a
     60e:	fe 17       	cp	r31, r30
     610:	11 f0       	breq	.+4      	; 0x616 <__mulsf3+0x1d8>
     612:	81 e0       	ldi	r24, 0x01	; 1
     614:	8a 8f       	std	Y+26, r24	; 0x1a
     616:	4d 8f       	std	Y+29, r20	; 0x1d
     618:	5e 8f       	std	Y+30, r21	; 0x1e
     61a:	6f 8f       	std	Y+31, r22	; 0x1f
     61c:	78 a3       	std	Y+32, r23	; 0x20
     61e:	83 e0       	ldi	r24, 0x03	; 3
     620:	89 8f       	std	Y+25, r24	; 0x19
     622:	ce 01       	movw	r24, r28
     624:	49 96       	adiw	r24, 0x19	; 25
     626:	0e 94 fd 03 	call	0x7fa	; 0x7fa <__pack_f>
     62a:	a0 96       	adiw	r28, 0x20	; 32
     62c:	e2 e1       	ldi	r30, 0x12	; 18
     62e:	0c 94 0e 12 	jmp	0x241c	; 0x241c <__epilogue_restores__>

00000632 <__gtsf2>:
     632:	a8 e1       	ldi	r26, 0x18	; 24
     634:	b0 e0       	ldi	r27, 0x00	; 0
     636:	ef e1       	ldi	r30, 0x1F	; 31
     638:	f3 e0       	ldi	r31, 0x03	; 3
     63a:	0c 94 fe 11 	jmp	0x23fc	; 0x23fc <__prologue_saves__+0x18>
     63e:	69 83       	std	Y+1, r22	; 0x01
     640:	7a 83       	std	Y+2, r23	; 0x02
     642:	8b 83       	std	Y+3, r24	; 0x03
     644:	9c 83       	std	Y+4, r25	; 0x04
     646:	2d 83       	std	Y+5, r18	; 0x05
     648:	3e 83       	std	Y+6, r19	; 0x06
     64a:	4f 83       	std	Y+7, r20	; 0x07
     64c:	58 87       	std	Y+8, r21	; 0x08
     64e:	89 e0       	ldi	r24, 0x09	; 9
     650:	e8 2e       	mov	r14, r24
     652:	f1 2c       	mov	r15, r1
     654:	ec 0e       	add	r14, r28
     656:	fd 1e       	adc	r15, r29
     658:	ce 01       	movw	r24, r28
     65a:	01 96       	adiw	r24, 0x01	; 1
     65c:	b7 01       	movw	r22, r14
     65e:	0e 94 d2 04 	call	0x9a4	; 0x9a4 <__unpack_f>
     662:	8e 01       	movw	r16, r28
     664:	0f 5e       	subi	r16, 0xEF	; 239
     666:	1f 4f       	sbci	r17, 0xFF	; 255
     668:	ce 01       	movw	r24, r28
     66a:	05 96       	adiw	r24, 0x05	; 5
     66c:	b8 01       	movw	r22, r16
     66e:	0e 94 d2 04 	call	0x9a4	; 0x9a4 <__unpack_f>
     672:	89 85       	ldd	r24, Y+9	; 0x09
     674:	82 30       	cpi	r24, 0x02	; 2
     676:	40 f0       	brcs	.+16     	; 0x688 <__gtsf2+0x56>
     678:	89 89       	ldd	r24, Y+17	; 0x11
     67a:	82 30       	cpi	r24, 0x02	; 2
     67c:	28 f0       	brcs	.+10     	; 0x688 <__gtsf2+0x56>
     67e:	c7 01       	movw	r24, r14
     680:	b8 01       	movw	r22, r16
     682:	0e 94 4a 05 	call	0xa94	; 0xa94 <__fpcmp_parts_f>
     686:	01 c0       	rjmp	.+2      	; 0x68a <__gtsf2+0x58>
     688:	8f ef       	ldi	r24, 0xFF	; 255
     68a:	68 96       	adiw	r28, 0x18	; 24
     68c:	e6 e0       	ldi	r30, 0x06	; 6
     68e:	0c 94 1a 12 	jmp	0x2434	; 0x2434 <__epilogue_restores__+0x18>

00000692 <__gesf2>:
     692:	a8 e1       	ldi	r26, 0x18	; 24
     694:	b0 e0       	ldi	r27, 0x00	; 0
     696:	ef e4       	ldi	r30, 0x4F	; 79
     698:	f3 e0       	ldi	r31, 0x03	; 3
     69a:	0c 94 fe 11 	jmp	0x23fc	; 0x23fc <__prologue_saves__+0x18>
     69e:	69 83       	std	Y+1, r22	; 0x01
     6a0:	7a 83       	std	Y+2, r23	; 0x02
     6a2:	8b 83       	std	Y+3, r24	; 0x03
     6a4:	9c 83       	std	Y+4, r25	; 0x04
     6a6:	2d 83       	std	Y+5, r18	; 0x05
     6a8:	3e 83       	std	Y+6, r19	; 0x06
     6aa:	4f 83       	std	Y+7, r20	; 0x07
     6ac:	58 87       	std	Y+8, r21	; 0x08
     6ae:	89 e0       	ldi	r24, 0x09	; 9
     6b0:	e8 2e       	mov	r14, r24
     6b2:	f1 2c       	mov	r15, r1
     6b4:	ec 0e       	add	r14, r28
     6b6:	fd 1e       	adc	r15, r29
     6b8:	ce 01       	movw	r24, r28
     6ba:	01 96       	adiw	r24, 0x01	; 1
     6bc:	b7 01       	movw	r22, r14
     6be:	0e 94 d2 04 	call	0x9a4	; 0x9a4 <__unpack_f>
     6c2:	8e 01       	movw	r16, r28
     6c4:	0f 5e       	subi	r16, 0xEF	; 239
     6c6:	1f 4f       	sbci	r17, 0xFF	; 255
     6c8:	ce 01       	movw	r24, r28
     6ca:	05 96       	adiw	r24, 0x05	; 5
     6cc:	b8 01       	movw	r22, r16
     6ce:	0e 94 d2 04 	call	0x9a4	; 0x9a4 <__unpack_f>
     6d2:	89 85       	ldd	r24, Y+9	; 0x09
     6d4:	82 30       	cpi	r24, 0x02	; 2
     6d6:	40 f0       	brcs	.+16     	; 0x6e8 <__gesf2+0x56>
     6d8:	89 89       	ldd	r24, Y+17	; 0x11
     6da:	82 30       	cpi	r24, 0x02	; 2
     6dc:	28 f0       	brcs	.+10     	; 0x6e8 <__gesf2+0x56>
     6de:	c7 01       	movw	r24, r14
     6e0:	b8 01       	movw	r22, r16
     6e2:	0e 94 4a 05 	call	0xa94	; 0xa94 <__fpcmp_parts_f>
     6e6:	01 c0       	rjmp	.+2      	; 0x6ea <__gesf2+0x58>
     6e8:	8f ef       	ldi	r24, 0xFF	; 255
     6ea:	68 96       	adiw	r28, 0x18	; 24
     6ec:	e6 e0       	ldi	r30, 0x06	; 6
     6ee:	0c 94 1a 12 	jmp	0x2434	; 0x2434 <__epilogue_restores__+0x18>

000006f2 <__ltsf2>:
     6f2:	a8 e1       	ldi	r26, 0x18	; 24
     6f4:	b0 e0       	ldi	r27, 0x00	; 0
     6f6:	ef e7       	ldi	r30, 0x7F	; 127
     6f8:	f3 e0       	ldi	r31, 0x03	; 3
     6fa:	0c 94 fe 11 	jmp	0x23fc	; 0x23fc <__prologue_saves__+0x18>
     6fe:	69 83       	std	Y+1, r22	; 0x01
     700:	7a 83       	std	Y+2, r23	; 0x02
     702:	8b 83       	std	Y+3, r24	; 0x03
     704:	9c 83       	std	Y+4, r25	; 0x04
     706:	2d 83       	std	Y+5, r18	; 0x05
     708:	3e 83       	std	Y+6, r19	; 0x06
     70a:	4f 83       	std	Y+7, r20	; 0x07
     70c:	58 87       	std	Y+8, r21	; 0x08
     70e:	89 e0       	ldi	r24, 0x09	; 9
     710:	e8 2e       	mov	r14, r24
     712:	f1 2c       	mov	r15, r1
     714:	ec 0e       	add	r14, r28
     716:	fd 1e       	adc	r15, r29
     718:	ce 01       	movw	r24, r28
     71a:	01 96       	adiw	r24, 0x01	; 1
     71c:	b7 01       	movw	r22, r14
     71e:	0e 94 d2 04 	call	0x9a4	; 0x9a4 <__unpack_f>
     722:	8e 01       	movw	r16, r28
     724:	0f 5e       	subi	r16, 0xEF	; 239
     726:	1f 4f       	sbci	r17, 0xFF	; 255
     728:	ce 01       	movw	r24, r28
     72a:	05 96       	adiw	r24, 0x05	; 5
     72c:	b8 01       	movw	r22, r16
     72e:	0e 94 d2 04 	call	0x9a4	; 0x9a4 <__unpack_f>
     732:	89 85       	ldd	r24, Y+9	; 0x09
     734:	82 30       	cpi	r24, 0x02	; 2
     736:	40 f0       	brcs	.+16     	; 0x748 <__ltsf2+0x56>
     738:	89 89       	ldd	r24, Y+17	; 0x11
     73a:	82 30       	cpi	r24, 0x02	; 2
     73c:	28 f0       	brcs	.+10     	; 0x748 <__ltsf2+0x56>
     73e:	c7 01       	movw	r24, r14
     740:	b8 01       	movw	r22, r16
     742:	0e 94 4a 05 	call	0xa94	; 0xa94 <__fpcmp_parts_f>
     746:	01 c0       	rjmp	.+2      	; 0x74a <__ltsf2+0x58>
     748:	81 e0       	ldi	r24, 0x01	; 1
     74a:	68 96       	adiw	r28, 0x18	; 24
     74c:	e6 e0       	ldi	r30, 0x06	; 6
     74e:	0c 94 1a 12 	jmp	0x2434	; 0x2434 <__epilogue_restores__+0x18>

00000752 <__fixsfsi>:
     752:	ac e0       	ldi	r26, 0x0C	; 12
     754:	b0 e0       	ldi	r27, 0x00	; 0
     756:	ef ea       	ldi	r30, 0xAF	; 175
     758:	f3 e0       	ldi	r31, 0x03	; 3
     75a:	0c 94 02 12 	jmp	0x2404	; 0x2404 <__prologue_saves__+0x20>
     75e:	69 83       	std	Y+1, r22	; 0x01
     760:	7a 83       	std	Y+2, r23	; 0x02
     762:	8b 83       	std	Y+3, r24	; 0x03
     764:	9c 83       	std	Y+4, r25	; 0x04
     766:	ce 01       	movw	r24, r28
     768:	01 96       	adiw	r24, 0x01	; 1
     76a:	be 01       	movw	r22, r28
     76c:	6b 5f       	subi	r22, 0xFB	; 251
     76e:	7f 4f       	sbci	r23, 0xFF	; 255
     770:	0e 94 d2 04 	call	0x9a4	; 0x9a4 <__unpack_f>
     774:	8d 81       	ldd	r24, Y+5	; 0x05
     776:	82 30       	cpi	r24, 0x02	; 2
     778:	61 f1       	breq	.+88     	; 0x7d2 <__fixsfsi+0x80>
     77a:	82 30       	cpi	r24, 0x02	; 2
     77c:	50 f1       	brcs	.+84     	; 0x7d2 <__fixsfsi+0x80>
     77e:	84 30       	cpi	r24, 0x04	; 4
     780:	21 f4       	brne	.+8      	; 0x78a <__fixsfsi+0x38>
     782:	8e 81       	ldd	r24, Y+6	; 0x06
     784:	88 23       	and	r24, r24
     786:	51 f1       	breq	.+84     	; 0x7dc <__fixsfsi+0x8a>
     788:	2e c0       	rjmp	.+92     	; 0x7e6 <__fixsfsi+0x94>
     78a:	2f 81       	ldd	r18, Y+7	; 0x07
     78c:	38 85       	ldd	r19, Y+8	; 0x08
     78e:	37 fd       	sbrc	r19, 7
     790:	20 c0       	rjmp	.+64     	; 0x7d2 <__fixsfsi+0x80>
     792:	6e 81       	ldd	r22, Y+6	; 0x06
     794:	2f 31       	cpi	r18, 0x1F	; 31
     796:	31 05       	cpc	r19, r1
     798:	1c f0       	brlt	.+6      	; 0x7a0 <__fixsfsi+0x4e>
     79a:	66 23       	and	r22, r22
     79c:	f9 f0       	breq	.+62     	; 0x7dc <__fixsfsi+0x8a>
     79e:	23 c0       	rjmp	.+70     	; 0x7e6 <__fixsfsi+0x94>
     7a0:	8e e1       	ldi	r24, 0x1E	; 30
     7a2:	90 e0       	ldi	r25, 0x00	; 0
     7a4:	82 1b       	sub	r24, r18
     7a6:	93 0b       	sbc	r25, r19
     7a8:	29 85       	ldd	r18, Y+9	; 0x09
     7aa:	3a 85       	ldd	r19, Y+10	; 0x0a
     7ac:	4b 85       	ldd	r20, Y+11	; 0x0b
     7ae:	5c 85       	ldd	r21, Y+12	; 0x0c
     7b0:	04 c0       	rjmp	.+8      	; 0x7ba <__fixsfsi+0x68>
     7b2:	56 95       	lsr	r21
     7b4:	47 95       	ror	r20
     7b6:	37 95       	ror	r19
     7b8:	27 95       	ror	r18
     7ba:	8a 95       	dec	r24
     7bc:	d2 f7       	brpl	.-12     	; 0x7b2 <__fixsfsi+0x60>
     7be:	66 23       	and	r22, r22
     7c0:	b1 f0       	breq	.+44     	; 0x7ee <__fixsfsi+0x9c>
     7c2:	50 95       	com	r21
     7c4:	40 95       	com	r20
     7c6:	30 95       	com	r19
     7c8:	21 95       	neg	r18
     7ca:	3f 4f       	sbci	r19, 0xFF	; 255
     7cc:	4f 4f       	sbci	r20, 0xFF	; 255
     7ce:	5f 4f       	sbci	r21, 0xFF	; 255
     7d0:	0e c0       	rjmp	.+28     	; 0x7ee <__fixsfsi+0x9c>
     7d2:	20 e0       	ldi	r18, 0x00	; 0
     7d4:	30 e0       	ldi	r19, 0x00	; 0
     7d6:	40 e0       	ldi	r20, 0x00	; 0
     7d8:	50 e0       	ldi	r21, 0x00	; 0
     7da:	09 c0       	rjmp	.+18     	; 0x7ee <__fixsfsi+0x9c>
     7dc:	2f ef       	ldi	r18, 0xFF	; 255
     7de:	3f ef       	ldi	r19, 0xFF	; 255
     7e0:	4f ef       	ldi	r20, 0xFF	; 255
     7e2:	5f e7       	ldi	r21, 0x7F	; 127
     7e4:	04 c0       	rjmp	.+8      	; 0x7ee <__fixsfsi+0x9c>
     7e6:	20 e0       	ldi	r18, 0x00	; 0
     7e8:	30 e0       	ldi	r19, 0x00	; 0
     7ea:	40 e0       	ldi	r20, 0x00	; 0
     7ec:	50 e8       	ldi	r21, 0x80	; 128
     7ee:	b9 01       	movw	r22, r18
     7f0:	ca 01       	movw	r24, r20
     7f2:	2c 96       	adiw	r28, 0x0c	; 12
     7f4:	e2 e0       	ldi	r30, 0x02	; 2
     7f6:	0c 94 1e 12 	jmp	0x243c	; 0x243c <__epilogue_restores__+0x20>

000007fa <__pack_f>:
     7fa:	df 92       	push	r13
     7fc:	ef 92       	push	r14
     7fe:	ff 92       	push	r15
     800:	0f 93       	push	r16
     802:	1f 93       	push	r17
     804:	fc 01       	movw	r30, r24
     806:	e4 80       	ldd	r14, Z+4	; 0x04
     808:	f5 80       	ldd	r15, Z+5	; 0x05
     80a:	06 81       	ldd	r16, Z+6	; 0x06
     80c:	17 81       	ldd	r17, Z+7	; 0x07
     80e:	d1 80       	ldd	r13, Z+1	; 0x01
     810:	80 81       	ld	r24, Z
     812:	82 30       	cpi	r24, 0x02	; 2
     814:	48 f4       	brcc	.+18     	; 0x828 <__pack_f+0x2e>
     816:	80 e0       	ldi	r24, 0x00	; 0
     818:	90 e0       	ldi	r25, 0x00	; 0
     81a:	a0 e1       	ldi	r26, 0x10	; 16
     81c:	b0 e0       	ldi	r27, 0x00	; 0
     81e:	e8 2a       	or	r14, r24
     820:	f9 2a       	or	r15, r25
     822:	0a 2b       	or	r16, r26
     824:	1b 2b       	or	r17, r27
     826:	a5 c0       	rjmp	.+330    	; 0x972 <__stack+0x113>
     828:	84 30       	cpi	r24, 0x04	; 4
     82a:	09 f4       	brne	.+2      	; 0x82e <__pack_f+0x34>
     82c:	9f c0       	rjmp	.+318    	; 0x96c <__stack+0x10d>
     82e:	82 30       	cpi	r24, 0x02	; 2
     830:	21 f4       	brne	.+8      	; 0x83a <__pack_f+0x40>
     832:	ee 24       	eor	r14, r14
     834:	ff 24       	eor	r15, r15
     836:	87 01       	movw	r16, r14
     838:	05 c0       	rjmp	.+10     	; 0x844 <__pack_f+0x4a>
     83a:	e1 14       	cp	r14, r1
     83c:	f1 04       	cpc	r15, r1
     83e:	01 05       	cpc	r16, r1
     840:	11 05       	cpc	r17, r1
     842:	19 f4       	brne	.+6      	; 0x84a <__pack_f+0x50>
     844:	e0 e0       	ldi	r30, 0x00	; 0
     846:	f0 e0       	ldi	r31, 0x00	; 0
     848:	96 c0       	rjmp	.+300    	; 0x976 <__stack+0x117>
     84a:	62 81       	ldd	r22, Z+2	; 0x02
     84c:	73 81       	ldd	r23, Z+3	; 0x03
     84e:	9f ef       	ldi	r25, 0xFF	; 255
     850:	62 38       	cpi	r22, 0x82	; 130
     852:	79 07       	cpc	r23, r25
     854:	0c f0       	brlt	.+2      	; 0x858 <__pack_f+0x5e>
     856:	5b c0       	rjmp	.+182    	; 0x90e <__stack+0xaf>
     858:	22 e8       	ldi	r18, 0x82	; 130
     85a:	3f ef       	ldi	r19, 0xFF	; 255
     85c:	26 1b       	sub	r18, r22
     85e:	37 0b       	sbc	r19, r23
     860:	2a 31       	cpi	r18, 0x1A	; 26
     862:	31 05       	cpc	r19, r1
     864:	2c f0       	brlt	.+10     	; 0x870 <__stack+0x11>
     866:	20 e0       	ldi	r18, 0x00	; 0
     868:	30 e0       	ldi	r19, 0x00	; 0
     86a:	40 e0       	ldi	r20, 0x00	; 0
     86c:	50 e0       	ldi	r21, 0x00	; 0
     86e:	2a c0       	rjmp	.+84     	; 0x8c4 <__stack+0x65>
     870:	b8 01       	movw	r22, r16
     872:	a7 01       	movw	r20, r14
     874:	02 2e       	mov	r0, r18
     876:	04 c0       	rjmp	.+8      	; 0x880 <__stack+0x21>
     878:	76 95       	lsr	r23
     87a:	67 95       	ror	r22
     87c:	57 95       	ror	r21
     87e:	47 95       	ror	r20
     880:	0a 94       	dec	r0
     882:	d2 f7       	brpl	.-12     	; 0x878 <__stack+0x19>
     884:	81 e0       	ldi	r24, 0x01	; 1
     886:	90 e0       	ldi	r25, 0x00	; 0
     888:	a0 e0       	ldi	r26, 0x00	; 0
     88a:	b0 e0       	ldi	r27, 0x00	; 0
     88c:	04 c0       	rjmp	.+8      	; 0x896 <__stack+0x37>
     88e:	88 0f       	add	r24, r24
     890:	99 1f       	adc	r25, r25
     892:	aa 1f       	adc	r26, r26
     894:	bb 1f       	adc	r27, r27
     896:	2a 95       	dec	r18
     898:	d2 f7       	brpl	.-12     	; 0x88e <__stack+0x2f>
     89a:	01 97       	sbiw	r24, 0x01	; 1
     89c:	a1 09       	sbc	r26, r1
     89e:	b1 09       	sbc	r27, r1
     8a0:	8e 21       	and	r24, r14
     8a2:	9f 21       	and	r25, r15
     8a4:	a0 23       	and	r26, r16
     8a6:	b1 23       	and	r27, r17
     8a8:	00 97       	sbiw	r24, 0x00	; 0
     8aa:	a1 05       	cpc	r26, r1
     8ac:	b1 05       	cpc	r27, r1
     8ae:	21 f0       	breq	.+8      	; 0x8b8 <__stack+0x59>
     8b0:	81 e0       	ldi	r24, 0x01	; 1
     8b2:	90 e0       	ldi	r25, 0x00	; 0
     8b4:	a0 e0       	ldi	r26, 0x00	; 0
     8b6:	b0 e0       	ldi	r27, 0x00	; 0
     8b8:	9a 01       	movw	r18, r20
     8ba:	ab 01       	movw	r20, r22
     8bc:	28 2b       	or	r18, r24
     8be:	39 2b       	or	r19, r25
     8c0:	4a 2b       	or	r20, r26
     8c2:	5b 2b       	or	r21, r27
     8c4:	da 01       	movw	r26, r20
     8c6:	c9 01       	movw	r24, r18
     8c8:	8f 77       	andi	r24, 0x7F	; 127
     8ca:	90 70       	andi	r25, 0x00	; 0
     8cc:	a0 70       	andi	r26, 0x00	; 0
     8ce:	b0 70       	andi	r27, 0x00	; 0
     8d0:	80 34       	cpi	r24, 0x40	; 64
     8d2:	91 05       	cpc	r25, r1
     8d4:	a1 05       	cpc	r26, r1
     8d6:	b1 05       	cpc	r27, r1
     8d8:	39 f4       	brne	.+14     	; 0x8e8 <__stack+0x89>
     8da:	27 ff       	sbrs	r18, 7
     8dc:	09 c0       	rjmp	.+18     	; 0x8f0 <__stack+0x91>
     8de:	20 5c       	subi	r18, 0xC0	; 192
     8e0:	3f 4f       	sbci	r19, 0xFF	; 255
     8e2:	4f 4f       	sbci	r20, 0xFF	; 255
     8e4:	5f 4f       	sbci	r21, 0xFF	; 255
     8e6:	04 c0       	rjmp	.+8      	; 0x8f0 <__stack+0x91>
     8e8:	21 5c       	subi	r18, 0xC1	; 193
     8ea:	3f 4f       	sbci	r19, 0xFF	; 255
     8ec:	4f 4f       	sbci	r20, 0xFF	; 255
     8ee:	5f 4f       	sbci	r21, 0xFF	; 255
     8f0:	e0 e0       	ldi	r30, 0x00	; 0
     8f2:	f0 e0       	ldi	r31, 0x00	; 0
     8f4:	20 30       	cpi	r18, 0x00	; 0
     8f6:	a0 e0       	ldi	r26, 0x00	; 0
     8f8:	3a 07       	cpc	r19, r26
     8fa:	a0 e0       	ldi	r26, 0x00	; 0
     8fc:	4a 07       	cpc	r20, r26
     8fe:	a0 e4       	ldi	r26, 0x40	; 64
     900:	5a 07       	cpc	r21, r26
     902:	10 f0       	brcs	.+4      	; 0x908 <__stack+0xa9>
     904:	e1 e0       	ldi	r30, 0x01	; 1
     906:	f0 e0       	ldi	r31, 0x00	; 0
     908:	79 01       	movw	r14, r18
     90a:	8a 01       	movw	r16, r20
     90c:	27 c0       	rjmp	.+78     	; 0x95c <__stack+0xfd>
     90e:	60 38       	cpi	r22, 0x80	; 128
     910:	71 05       	cpc	r23, r1
     912:	64 f5       	brge	.+88     	; 0x96c <__stack+0x10d>
     914:	fb 01       	movw	r30, r22
     916:	e1 58       	subi	r30, 0x81	; 129
     918:	ff 4f       	sbci	r31, 0xFF	; 255
     91a:	d8 01       	movw	r26, r16
     91c:	c7 01       	movw	r24, r14
     91e:	8f 77       	andi	r24, 0x7F	; 127
     920:	90 70       	andi	r25, 0x00	; 0
     922:	a0 70       	andi	r26, 0x00	; 0
     924:	b0 70       	andi	r27, 0x00	; 0
     926:	80 34       	cpi	r24, 0x40	; 64
     928:	91 05       	cpc	r25, r1
     92a:	a1 05       	cpc	r26, r1
     92c:	b1 05       	cpc	r27, r1
     92e:	39 f4       	brne	.+14     	; 0x93e <__stack+0xdf>
     930:	e7 fe       	sbrs	r14, 7
     932:	0d c0       	rjmp	.+26     	; 0x94e <__stack+0xef>
     934:	80 e4       	ldi	r24, 0x40	; 64
     936:	90 e0       	ldi	r25, 0x00	; 0
     938:	a0 e0       	ldi	r26, 0x00	; 0
     93a:	b0 e0       	ldi	r27, 0x00	; 0
     93c:	04 c0       	rjmp	.+8      	; 0x946 <__stack+0xe7>
     93e:	8f e3       	ldi	r24, 0x3F	; 63
     940:	90 e0       	ldi	r25, 0x00	; 0
     942:	a0 e0       	ldi	r26, 0x00	; 0
     944:	b0 e0       	ldi	r27, 0x00	; 0
     946:	e8 0e       	add	r14, r24
     948:	f9 1e       	adc	r15, r25
     94a:	0a 1f       	adc	r16, r26
     94c:	1b 1f       	adc	r17, r27
     94e:	17 ff       	sbrs	r17, 7
     950:	05 c0       	rjmp	.+10     	; 0x95c <__stack+0xfd>
     952:	16 95       	lsr	r17
     954:	07 95       	ror	r16
     956:	f7 94       	ror	r15
     958:	e7 94       	ror	r14
     95a:	31 96       	adiw	r30, 0x01	; 1
     95c:	87 e0       	ldi	r24, 0x07	; 7
     95e:	16 95       	lsr	r17
     960:	07 95       	ror	r16
     962:	f7 94       	ror	r15
     964:	e7 94       	ror	r14
     966:	8a 95       	dec	r24
     968:	d1 f7       	brne	.-12     	; 0x95e <__stack+0xff>
     96a:	05 c0       	rjmp	.+10     	; 0x976 <__stack+0x117>
     96c:	ee 24       	eor	r14, r14
     96e:	ff 24       	eor	r15, r15
     970:	87 01       	movw	r16, r14
     972:	ef ef       	ldi	r30, 0xFF	; 255
     974:	f0 e0       	ldi	r31, 0x00	; 0
     976:	6e 2f       	mov	r22, r30
     978:	67 95       	ror	r22
     97a:	66 27       	eor	r22, r22
     97c:	67 95       	ror	r22
     97e:	90 2f       	mov	r25, r16
     980:	9f 77       	andi	r25, 0x7F	; 127
     982:	d7 94       	ror	r13
     984:	dd 24       	eor	r13, r13
     986:	d7 94       	ror	r13
     988:	8e 2f       	mov	r24, r30
     98a:	86 95       	lsr	r24
     98c:	49 2f       	mov	r20, r25
     98e:	46 2b       	or	r20, r22
     990:	58 2f       	mov	r21, r24
     992:	5d 29       	or	r21, r13
     994:	b7 01       	movw	r22, r14
     996:	ca 01       	movw	r24, r20
     998:	1f 91       	pop	r17
     99a:	0f 91       	pop	r16
     99c:	ff 90       	pop	r15
     99e:	ef 90       	pop	r14
     9a0:	df 90       	pop	r13
     9a2:	08 95       	ret

000009a4 <__unpack_f>:
     9a4:	fc 01       	movw	r30, r24
     9a6:	db 01       	movw	r26, r22
     9a8:	40 81       	ld	r20, Z
     9aa:	51 81       	ldd	r21, Z+1	; 0x01
     9ac:	22 81       	ldd	r18, Z+2	; 0x02
     9ae:	62 2f       	mov	r22, r18
     9b0:	6f 77       	andi	r22, 0x7F	; 127
     9b2:	70 e0       	ldi	r23, 0x00	; 0
     9b4:	22 1f       	adc	r18, r18
     9b6:	22 27       	eor	r18, r18
     9b8:	22 1f       	adc	r18, r18
     9ba:	93 81       	ldd	r25, Z+3	; 0x03
     9bc:	89 2f       	mov	r24, r25
     9be:	88 0f       	add	r24, r24
     9c0:	82 2b       	or	r24, r18
     9c2:	28 2f       	mov	r18, r24
     9c4:	30 e0       	ldi	r19, 0x00	; 0
     9c6:	99 1f       	adc	r25, r25
     9c8:	99 27       	eor	r25, r25
     9ca:	99 1f       	adc	r25, r25
     9cc:	11 96       	adiw	r26, 0x01	; 1
     9ce:	9c 93       	st	X, r25
     9d0:	11 97       	sbiw	r26, 0x01	; 1
     9d2:	21 15       	cp	r18, r1
     9d4:	31 05       	cpc	r19, r1
     9d6:	a9 f5       	brne	.+106    	; 0xa42 <__unpack_f+0x9e>
     9d8:	41 15       	cp	r20, r1
     9da:	51 05       	cpc	r21, r1
     9dc:	61 05       	cpc	r22, r1
     9de:	71 05       	cpc	r23, r1
     9e0:	11 f4       	brne	.+4      	; 0x9e6 <__unpack_f+0x42>
     9e2:	82 e0       	ldi	r24, 0x02	; 2
     9e4:	37 c0       	rjmp	.+110    	; 0xa54 <__unpack_f+0xb0>
     9e6:	82 e8       	ldi	r24, 0x82	; 130
     9e8:	9f ef       	ldi	r25, 0xFF	; 255
     9ea:	13 96       	adiw	r26, 0x03	; 3
     9ec:	9c 93       	st	X, r25
     9ee:	8e 93       	st	-X, r24
     9f0:	12 97       	sbiw	r26, 0x02	; 2
     9f2:	9a 01       	movw	r18, r20
     9f4:	ab 01       	movw	r20, r22
     9f6:	67 e0       	ldi	r22, 0x07	; 7
     9f8:	22 0f       	add	r18, r18
     9fa:	33 1f       	adc	r19, r19
     9fc:	44 1f       	adc	r20, r20
     9fe:	55 1f       	adc	r21, r21
     a00:	6a 95       	dec	r22
     a02:	d1 f7       	brne	.-12     	; 0x9f8 <__unpack_f+0x54>
     a04:	83 e0       	ldi	r24, 0x03	; 3
     a06:	8c 93       	st	X, r24
     a08:	0d c0       	rjmp	.+26     	; 0xa24 <__unpack_f+0x80>
     a0a:	22 0f       	add	r18, r18
     a0c:	33 1f       	adc	r19, r19
     a0e:	44 1f       	adc	r20, r20
     a10:	55 1f       	adc	r21, r21
     a12:	12 96       	adiw	r26, 0x02	; 2
     a14:	8d 91       	ld	r24, X+
     a16:	9c 91       	ld	r25, X
     a18:	13 97       	sbiw	r26, 0x03	; 3
     a1a:	01 97       	sbiw	r24, 0x01	; 1
     a1c:	13 96       	adiw	r26, 0x03	; 3
     a1e:	9c 93       	st	X, r25
     a20:	8e 93       	st	-X, r24
     a22:	12 97       	sbiw	r26, 0x02	; 2
     a24:	20 30       	cpi	r18, 0x00	; 0
     a26:	80 e0       	ldi	r24, 0x00	; 0
     a28:	38 07       	cpc	r19, r24
     a2a:	80 e0       	ldi	r24, 0x00	; 0
     a2c:	48 07       	cpc	r20, r24
     a2e:	80 e4       	ldi	r24, 0x40	; 64
     a30:	58 07       	cpc	r21, r24
     a32:	58 f3       	brcs	.-42     	; 0xa0a <__unpack_f+0x66>
     a34:	14 96       	adiw	r26, 0x04	; 4
     a36:	2d 93       	st	X+, r18
     a38:	3d 93       	st	X+, r19
     a3a:	4d 93       	st	X+, r20
     a3c:	5c 93       	st	X, r21
     a3e:	17 97       	sbiw	r26, 0x07	; 7
     a40:	08 95       	ret
     a42:	2f 3f       	cpi	r18, 0xFF	; 255
     a44:	31 05       	cpc	r19, r1
     a46:	79 f4       	brne	.+30     	; 0xa66 <__unpack_f+0xc2>
     a48:	41 15       	cp	r20, r1
     a4a:	51 05       	cpc	r21, r1
     a4c:	61 05       	cpc	r22, r1
     a4e:	71 05       	cpc	r23, r1
     a50:	19 f4       	brne	.+6      	; 0xa58 <__unpack_f+0xb4>
     a52:	84 e0       	ldi	r24, 0x04	; 4
     a54:	8c 93       	st	X, r24
     a56:	08 95       	ret
     a58:	64 ff       	sbrs	r22, 4
     a5a:	03 c0       	rjmp	.+6      	; 0xa62 <__unpack_f+0xbe>
     a5c:	81 e0       	ldi	r24, 0x01	; 1
     a5e:	8c 93       	st	X, r24
     a60:	12 c0       	rjmp	.+36     	; 0xa86 <__unpack_f+0xe2>
     a62:	1c 92       	st	X, r1
     a64:	10 c0       	rjmp	.+32     	; 0xa86 <__unpack_f+0xe2>
     a66:	2f 57       	subi	r18, 0x7F	; 127
     a68:	30 40       	sbci	r19, 0x00	; 0
     a6a:	13 96       	adiw	r26, 0x03	; 3
     a6c:	3c 93       	st	X, r19
     a6e:	2e 93       	st	-X, r18
     a70:	12 97       	sbiw	r26, 0x02	; 2
     a72:	83 e0       	ldi	r24, 0x03	; 3
     a74:	8c 93       	st	X, r24
     a76:	87 e0       	ldi	r24, 0x07	; 7
     a78:	44 0f       	add	r20, r20
     a7a:	55 1f       	adc	r21, r21
     a7c:	66 1f       	adc	r22, r22
     a7e:	77 1f       	adc	r23, r23
     a80:	8a 95       	dec	r24
     a82:	d1 f7       	brne	.-12     	; 0xa78 <__unpack_f+0xd4>
     a84:	70 64       	ori	r23, 0x40	; 64
     a86:	14 96       	adiw	r26, 0x04	; 4
     a88:	4d 93       	st	X+, r20
     a8a:	5d 93       	st	X+, r21
     a8c:	6d 93       	st	X+, r22
     a8e:	7c 93       	st	X, r23
     a90:	17 97       	sbiw	r26, 0x07	; 7
     a92:	08 95       	ret

00000a94 <__fpcmp_parts_f>:
     a94:	1f 93       	push	r17
     a96:	dc 01       	movw	r26, r24
     a98:	fb 01       	movw	r30, r22
     a9a:	9c 91       	ld	r25, X
     a9c:	92 30       	cpi	r25, 0x02	; 2
     a9e:	08 f4       	brcc	.+2      	; 0xaa2 <__fpcmp_parts_f+0xe>
     aa0:	47 c0       	rjmp	.+142    	; 0xb30 <__fpcmp_parts_f+0x9c>
     aa2:	80 81       	ld	r24, Z
     aa4:	82 30       	cpi	r24, 0x02	; 2
     aa6:	08 f4       	brcc	.+2      	; 0xaaa <__fpcmp_parts_f+0x16>
     aa8:	43 c0       	rjmp	.+134    	; 0xb30 <__fpcmp_parts_f+0x9c>
     aaa:	94 30       	cpi	r25, 0x04	; 4
     aac:	51 f4       	brne	.+20     	; 0xac2 <__fpcmp_parts_f+0x2e>
     aae:	11 96       	adiw	r26, 0x01	; 1
     ab0:	1c 91       	ld	r17, X
     ab2:	84 30       	cpi	r24, 0x04	; 4
     ab4:	99 f5       	brne	.+102    	; 0xb1c <__fpcmp_parts_f+0x88>
     ab6:	81 81       	ldd	r24, Z+1	; 0x01
     ab8:	68 2f       	mov	r22, r24
     aba:	70 e0       	ldi	r23, 0x00	; 0
     abc:	61 1b       	sub	r22, r17
     abe:	71 09       	sbc	r23, r1
     ac0:	3f c0       	rjmp	.+126    	; 0xb40 <__fpcmp_parts_f+0xac>
     ac2:	84 30       	cpi	r24, 0x04	; 4
     ac4:	21 f0       	breq	.+8      	; 0xace <__fpcmp_parts_f+0x3a>
     ac6:	92 30       	cpi	r25, 0x02	; 2
     ac8:	31 f4       	brne	.+12     	; 0xad6 <__fpcmp_parts_f+0x42>
     aca:	82 30       	cpi	r24, 0x02	; 2
     acc:	b9 f1       	breq	.+110    	; 0xb3c <__fpcmp_parts_f+0xa8>
     ace:	81 81       	ldd	r24, Z+1	; 0x01
     ad0:	88 23       	and	r24, r24
     ad2:	89 f1       	breq	.+98     	; 0xb36 <__fpcmp_parts_f+0xa2>
     ad4:	2d c0       	rjmp	.+90     	; 0xb30 <__fpcmp_parts_f+0x9c>
     ad6:	11 96       	adiw	r26, 0x01	; 1
     ad8:	1c 91       	ld	r17, X
     ada:	11 97       	sbiw	r26, 0x01	; 1
     adc:	82 30       	cpi	r24, 0x02	; 2
     ade:	f1 f0       	breq	.+60     	; 0xb1c <__fpcmp_parts_f+0x88>
     ae0:	81 81       	ldd	r24, Z+1	; 0x01
     ae2:	18 17       	cp	r17, r24
     ae4:	d9 f4       	brne	.+54     	; 0xb1c <__fpcmp_parts_f+0x88>
     ae6:	12 96       	adiw	r26, 0x02	; 2
     ae8:	2d 91       	ld	r18, X+
     aea:	3c 91       	ld	r19, X
     aec:	13 97       	sbiw	r26, 0x03	; 3
     aee:	82 81       	ldd	r24, Z+2	; 0x02
     af0:	93 81       	ldd	r25, Z+3	; 0x03
     af2:	82 17       	cp	r24, r18
     af4:	93 07       	cpc	r25, r19
     af6:	94 f0       	brlt	.+36     	; 0xb1c <__fpcmp_parts_f+0x88>
     af8:	28 17       	cp	r18, r24
     afa:	39 07       	cpc	r19, r25
     afc:	bc f0       	brlt	.+46     	; 0xb2c <__fpcmp_parts_f+0x98>
     afe:	14 96       	adiw	r26, 0x04	; 4
     b00:	8d 91       	ld	r24, X+
     b02:	9d 91       	ld	r25, X+
     b04:	0d 90       	ld	r0, X+
     b06:	bc 91       	ld	r27, X
     b08:	a0 2d       	mov	r26, r0
     b0a:	24 81       	ldd	r18, Z+4	; 0x04
     b0c:	35 81       	ldd	r19, Z+5	; 0x05
     b0e:	46 81       	ldd	r20, Z+6	; 0x06
     b10:	57 81       	ldd	r21, Z+7	; 0x07
     b12:	28 17       	cp	r18, r24
     b14:	39 07       	cpc	r19, r25
     b16:	4a 07       	cpc	r20, r26
     b18:	5b 07       	cpc	r21, r27
     b1a:	18 f4       	brcc	.+6      	; 0xb22 <__fpcmp_parts_f+0x8e>
     b1c:	11 23       	and	r17, r17
     b1e:	41 f0       	breq	.+16     	; 0xb30 <__fpcmp_parts_f+0x9c>
     b20:	0a c0       	rjmp	.+20     	; 0xb36 <__fpcmp_parts_f+0xa2>
     b22:	82 17       	cp	r24, r18
     b24:	93 07       	cpc	r25, r19
     b26:	a4 07       	cpc	r26, r20
     b28:	b5 07       	cpc	r27, r21
     b2a:	40 f4       	brcc	.+16     	; 0xb3c <__fpcmp_parts_f+0xa8>
     b2c:	11 23       	and	r17, r17
     b2e:	19 f0       	breq	.+6      	; 0xb36 <__fpcmp_parts_f+0xa2>
     b30:	61 e0       	ldi	r22, 0x01	; 1
     b32:	70 e0       	ldi	r23, 0x00	; 0
     b34:	05 c0       	rjmp	.+10     	; 0xb40 <__fpcmp_parts_f+0xac>
     b36:	6f ef       	ldi	r22, 0xFF	; 255
     b38:	7f ef       	ldi	r23, 0xFF	; 255
     b3a:	02 c0       	rjmp	.+4      	; 0xb40 <__fpcmp_parts_f+0xac>
     b3c:	60 e0       	ldi	r22, 0x00	; 0
     b3e:	70 e0       	ldi	r23, 0x00	; 0
     b40:	cb 01       	movw	r24, r22
     b42:	1f 91       	pop	r17
     b44:	08 95       	ret

00000b46 <MADC_voidInit>:
#include "../INCLUDE/MCAL/ADC/ADC_INTERFACE.h"
#include "../INCLUDE/MCAL/ADC/ADC_PRIVATE.h"
#include "../INCLUDE/MCAL/ADC/ADC_CFG.h"

void MADC_voidInit (void)
{
     b46:	df 93       	push	r29
     b48:	cf 93       	push	r28
     b4a:	cd b7       	in	r28, 0x3d	; 61
     b4c:	de b7       	in	r29, 0x3e	; 62
	// 1 - Select AVCC with external capacitor at AREF pin
	SET_BIT (ADMUX,6);
     b4e:	a7 e2       	ldi	r26, 0x27	; 39
     b50:	b0 e0       	ldi	r27, 0x00	; 0
     b52:	e7 e2       	ldi	r30, 0x27	; 39
     b54:	f0 e0       	ldi	r31, 0x00	; 0
     b56:	80 81       	ld	r24, Z
     b58:	80 64       	ori	r24, 0x40	; 64
     b5a:	8c 93       	st	X, r24
	CLR_BIT (ADMUX,7);
     b5c:	a7 e2       	ldi	r26, 0x27	; 39
     b5e:	b0 e0       	ldi	r27, 0x00	; 0
     b60:	e7 e2       	ldi	r30, 0x27	; 39
     b62:	f0 e0       	ldi	r31, 0x00	; 0
     b64:	80 81       	ld	r24, Z
     b66:	8f 77       	andi	r24, 0x7F	; 127
     b68:	8c 93       	st	X, r24

	// 2 - Right Adjustment
	CLR_BIT (ADMUX, 5);
     b6a:	a7 e2       	ldi	r26, 0x27	; 39
     b6c:	b0 e0       	ldi	r27, 0x00	; 0
     b6e:	e7 e2       	ldi	r30, 0x27	; 39
     b70:	f0 e0       	ldi	r31, 0x00	; 0
     b72:	80 81       	ld	r24, Z
     b74:	8f 7d       	andi	r24, 0xDF	; 223
     b76:	8c 93       	st	X, r24

	// 3 - Disable Auto Trigger
	CLR_BIT (ADCSRA,5);
     b78:	a6 e2       	ldi	r26, 0x26	; 38
     b7a:	b0 e0       	ldi	r27, 0x00	; 0
     b7c:	e6 e2       	ldi	r30, 0x26	; 38
     b7e:	f0 e0       	ldi	r31, 0x00	; 0
     b80:	80 81       	ld	r24, Z
     b82:	8f 7d       	andi	r24, 0xDF	; 223
     b84:	8c 93       	st	X, r24

	// 4 - Select CLK/64
	CLR_BIT (ADCSRA,0);
     b86:	a6 e2       	ldi	r26, 0x26	; 38
     b88:	b0 e0       	ldi	r27, 0x00	; 0
     b8a:	e6 e2       	ldi	r30, 0x26	; 38
     b8c:	f0 e0       	ldi	r31, 0x00	; 0
     b8e:	80 81       	ld	r24, Z
     b90:	8e 7f       	andi	r24, 0xFE	; 254
     b92:	8c 93       	st	X, r24
	SET_BIT (ADCSRA,1);
     b94:	a6 e2       	ldi	r26, 0x26	; 38
     b96:	b0 e0       	ldi	r27, 0x00	; 0
     b98:	e6 e2       	ldi	r30, 0x26	; 38
     b9a:	f0 e0       	ldi	r31, 0x00	; 0
     b9c:	80 81       	ld	r24, Z
     b9e:	82 60       	ori	r24, 0x02	; 2
     ba0:	8c 93       	st	X, r24
	SET_BIT (ADCSRA,2);
     ba2:	a6 e2       	ldi	r26, 0x26	; 38
     ba4:	b0 e0       	ldi	r27, 0x00	; 0
     ba6:	e6 e2       	ldi	r30, 0x26	; 38
     ba8:	f0 e0       	ldi	r31, 0x00	; 0
     baa:	80 81       	ld	r24, Z
     bac:	84 60       	ori	r24, 0x04	; 4
     bae:	8c 93       	st	X, r24

	// 5 - Enable ADC
	SET_BIT (ADCSRA,7);
     bb0:	a6 e2       	ldi	r26, 0x26	; 38
     bb2:	b0 e0       	ldi	r27, 0x00	; 0
     bb4:	e6 e2       	ldi	r30, 0x26	; 38
     bb6:	f0 e0       	ldi	r31, 0x00	; 0
     bb8:	80 81       	ld	r24, Z
     bba:	80 68       	ori	r24, 0x80	; 128
     bbc:	8c 93       	st	X, r24

}
     bbe:	cf 91       	pop	r28
     bc0:	df 91       	pop	r29
     bc2:	08 95       	ret

00000bc4 <MADC_u16GetDigitalvalue>:



u16 MADC_u16GetDigitalvalue (ADC_CHANNELS A_AdcChannel)
{
     bc4:	df 93       	push	r29
     bc6:	cf 93       	push	r28
     bc8:	00 d0       	rcall	.+0      	; 0xbca <MADC_u16GetDigitalvalue+0x6>
     bca:	0f 92       	push	r0
     bcc:	cd b7       	in	r28, 0x3d	; 61
     bce:	de b7       	in	r29, 0x3e	; 62
     bd0:	8b 83       	std	Y+3, r24	; 0x03
	u16 local_u16DigitalValue=0;
     bd2:	1a 82       	std	Y+2, r1	; 0x02
     bd4:	19 82       	std	Y+1, r1	; 0x01
	if (A_AdcChannel <32)
     bd6:	8b 81       	ldd	r24, Y+3	; 0x03
     bd8:	80 32       	cpi	r24, 0x20	; 32
     bda:	70 f5       	brcc	.+92     	; 0xc38 <MADC_u16GetDigitalvalue+0x74>
	{
		// Clear the channel 5-bits
		ADMUX &= ADC_CHANNEL_MASK;
     bdc:	a7 e2       	ldi	r26, 0x27	; 39
     bde:	b0 e0       	ldi	r27, 0x00	; 0
     be0:	e7 e2       	ldi	r30, 0x27	; 39
     be2:	f0 e0       	ldi	r31, 0x00	; 0
     be4:	80 81       	ld	r24, Z
     be6:	80 7e       	andi	r24, 0xE0	; 224
     be8:	8c 93       	st	X, r24
		// select channel
		ADMUX |= A_AdcChannel;
     bea:	a7 e2       	ldi	r26, 0x27	; 39
     bec:	b0 e0       	ldi	r27, 0x00	; 0
     bee:	e7 e2       	ldi	r30, 0x27	; 39
     bf0:	f0 e0       	ldi	r31, 0x00	; 0
     bf2:	90 81       	ld	r25, Z
     bf4:	8b 81       	ldd	r24, Y+3	; 0x03
     bf6:	89 2b       	or	r24, r25
     bf8:	8c 93       	st	X, r24

		// start conversion
		SET_BIT(ADCSRA,6);
     bfa:	a6 e2       	ldi	r26, 0x26	; 38
     bfc:	b0 e0       	ldi	r27, 0x00	; 0
     bfe:	e6 e2       	ldi	r30, 0x26	; 38
     c00:	f0 e0       	ldi	r31, 0x00	; 0
     c02:	80 81       	ld	r24, Z
     c04:	80 64       	ori	r24, 0x40	; 64
     c06:	8c 93       	st	X, r24

		// Polling on ADC Complete flag
		while (GET_BIT(ADCSRA,4)==0);
     c08:	e6 e2       	ldi	r30, 0x26	; 38
     c0a:	f0 e0       	ldi	r31, 0x00	; 0
     c0c:	80 81       	ld	r24, Z
     c0e:	82 95       	swap	r24
     c10:	8f 70       	andi	r24, 0x0F	; 15
     c12:	88 2f       	mov	r24, r24
     c14:	90 e0       	ldi	r25, 0x00	; 0
     c16:	81 70       	andi	r24, 0x01	; 1
     c18:	90 70       	andi	r25, 0x00	; 0
     c1a:	00 97       	sbiw	r24, 0x00	; 0
     c1c:	a9 f3       	breq	.-22     	; 0xc08 <MADC_u16GetDigitalvalue+0x44>

		// Clear INT. Flag
		SET_BIT(ADCSRA,4);
     c1e:	a6 e2       	ldi	r26, 0x26	; 38
     c20:	b0 e0       	ldi	r27, 0x00	; 0
     c22:	e6 e2       	ldi	r30, 0x26	; 38
     c24:	f0 e0       	ldi	r31, 0x00	; 0
     c26:	80 81       	ld	r24, Z
     c28:	80 61       	ori	r24, 0x10	; 16
     c2a:	8c 93       	st	X, r24

		// Read Conversion Value
		local_u16DigitalValue = ADCLH;
     c2c:	e4 e2       	ldi	r30, 0x24	; 36
     c2e:	f0 e0       	ldi	r31, 0x00	; 0
     c30:	80 81       	ld	r24, Z
     c32:	91 81       	ldd	r25, Z+1	; 0x01
     c34:	9a 83       	std	Y+2, r25	; 0x02
     c36:	89 83       	std	Y+1, r24	; 0x01
	}
	// return result of conversion
	return local_u16DigitalValue;
     c38:	89 81       	ldd	r24, Y+1	; 0x01
     c3a:	9a 81       	ldd	r25, Y+2	; 0x02
}
     c3c:	0f 90       	pop	r0
     c3e:	0f 90       	pop	r0
     c40:	0f 90       	pop	r0
     c42:	cf 91       	pop	r28
     c44:	df 91       	pop	r29
     c46:	08 95       	ret

00000c48 <MDIO_voidInti>:
#include "../INCLUDE/MCAL/DIO/DIO_PRIVATE.h"
#include "../INCLUDE/MCAL/DIO/DIO_CFG.h"


void MDIO_voidInti()
{
     c48:	df 93       	push	r29
     c4a:	cf 93       	push	r28
     c4c:	cd b7       	in	r28, 0x3d	; 61
     c4e:	de b7       	in	r29, 0x3e	; 62

	DDRA_REG = CONC_BIT( PORTA_PIN7_DIRECTION,PORTA_PIN6_DIRECTION,
     c50:	ea e3       	ldi	r30, 0x3A	; 58
     c52:	f0 e0       	ldi	r31, 0x00	; 0
     c54:	87 ec       	ldi	r24, 0xC7	; 199
     c56:	80 83       	st	Z, r24
					   PORTA_PIN5_DIRECTION,PORTA_PIN4_DIRECTION,
					   PORTA_PIN3_DIRECTION,PORTA_PIN2_DIRECTION,
					   PORTA_PIN1_DIRECTION,PORTA_PIN0_DIRECTION);

  DDRB_REG = CONC_BIT( PORTB_PIN7_DIRECTION,PORTB_PIN6_DIRECTION,
     c58:	e7 e3       	ldi	r30, 0x37	; 55
     c5a:	f0 e0       	ldi	r31, 0x00	; 0
     c5c:	10 82       	st	Z, r1
  					   PORTB_PIN5_DIRECTION,PORTB_PIN4_DIRECTION,
  					   PORTB_PIN3_DIRECTION,PORTB_PIN2_DIRECTION,
  					   PORTB_PIN1_DIRECTION,PORTB_PIN0_DIRECTION);

  DDRC_REG = CONC_BIT( PORTC_PIN7_DIRECTION,PORTC_PIN6_DIRECTION,
     c5e:	e4 e3       	ldi	r30, 0x34	; 52
     c60:	f0 e0       	ldi	r31, 0x00	; 0
     c62:	10 82       	st	Z, r1
  					   PORTC_PIN5_DIRECTION,PORTC_PIN4_DIRECTION,
  					   PORTC_PIN3_DIRECTION,PORTC_PIN2_DIRECTION,
  					   PORTC_PIN1_DIRECTION,PORTC_PIN0_DIRECTION);

  DDRD_REG = CONC_BIT( PORTD_PIN7_DIRECTION,PORTD_PIN6_DIRECTION,
     c64:	e1 e3       	ldi	r30, 0x31	; 49
     c66:	f0 e0       	ldi	r31, 0x00	; 0
     c68:	10 82       	st	Z, r1
  					   PORTD_PIN5_DIRECTION,PORTD_PIN4_DIRECTION,
  					   PORTD_PIN3_DIRECTION,PORTD_PIN2_DIRECTION,
  					   PORTD_PIN1_DIRECTION,PORTD_PIN0_DIRECTION);

  PORTA_REG = CONC_BIT( PORTA_PIN7_VALUE,PORTA_PIN6_VALUE,
     c6a:	eb e3       	ldi	r30, 0x3B	; 59
     c6c:	f0 e0       	ldi	r31, 0x00	; 0
     c6e:	8f ef       	ldi	r24, 0xFF	; 255
     c70:	80 83       	st	Z, r24
		  	  	  	  	PORTA_PIN5_VALUE,PORTA_PIN4_VALUE,
					    PORTA_PIN3_VALUE,PORTA_PIN2_VALUE,
					    PORTA_PIN1_VALUE,PORTA_PIN0_VALUE);

  PORTB_REG = CONC_BIT(PORTB_PIN7_VALUE,PORTB_PIN6_VALUE,
     c72:	e8 e3       	ldi	r30, 0x38	; 56
     c74:	f0 e0       	ldi	r31, 0x00	; 0
     c76:	10 82       	st	Z, r1
  					   PORTB_PIN5_VALUE,PORTB_PIN4_VALUE,
					   PORTB_PIN3_VALUE,PORTB_PIN2_VALUE,
					   PORTB_PIN1_VALUE,PORTB_PIN0_VALUE);

  PORTC_REG = CONC_BIT(PORTC_PIN7_VALUE,PORTC_PIN6_VALUE,
     c78:	e5 e3       	ldi	r30, 0x35	; 53
     c7a:	f0 e0       	ldi	r31, 0x00	; 0
     c7c:	10 82       	st	Z, r1
  			           PORTC_PIN5_VALUE, PORTC_PIN4_VALUE,
					   PORTC_PIN3_VALUE,PORTC_PIN2_VALUE,
  					   PORTC_PIN1_VALUE,PORTC_PIN0_VALUE);

  PORTD_REG = CONC_BIT(PORTD_PIN7_VALUE,PORTD_PIN6_VALUE,
     c7e:	e2 e3       	ldi	r30, 0x32	; 50
     c80:	f0 e0       	ldi	r31, 0x00	; 0
     c82:	10 82       	st	Z, r1
					   PORTD_PIN5_VALUE,PORTD_PIN4_VALUE,
					   PORTD_PIN3_VALUE,PORTD_PIN2_VALUE,
		   		       PORTD_PIN1_VALUE,PORTD_PIN0_VALUE);

}
     c84:	cf 91       	pop	r28
     c86:	df 91       	pop	r29
     c88:	08 95       	ret

00000c8a <MDIO_voidSetPinDirection>:


void MDIO_voidSetPinDirection(DIO_PORTS A_DIOPORT,DIO_PINS A_DIOPIN,PIN_DIRECTION A_PinDirection)
{
     c8a:	df 93       	push	r29
     c8c:	cf 93       	push	r28
     c8e:	cd b7       	in	r28, 0x3d	; 61
     c90:	de b7       	in	r29, 0x3e	; 62
     c92:	2d 97       	sbiw	r28, 0x0d	; 13
     c94:	0f b6       	in	r0, 0x3f	; 63
     c96:	f8 94       	cli
     c98:	de bf       	out	0x3e, r29	; 62
     c9a:	0f be       	out	0x3f, r0	; 63
     c9c:	cd bf       	out	0x3d, r28	; 61
     c9e:	89 83       	std	Y+1, r24	; 0x01
     ca0:	6a 83       	std	Y+2, r22	; 0x02
     ca2:	4b 83       	std	Y+3, r20	; 0x03

	if((A_DIOPORT <= PORTD) && (A_DIOPIN <= PIN7) && (A_PinDirection <= DIO_OUTPUT))
     ca4:	89 81       	ldd	r24, Y+1	; 0x01
     ca6:	84 30       	cpi	r24, 0x04	; 4
     ca8:	08 f0       	brcs	.+2      	; 0xcac <MDIO_voidSetPinDirection+0x22>
     caa:	08 c1       	rjmp	.+528    	; 0xebc <MDIO_voidSetPinDirection+0x232>
     cac:	8a 81       	ldd	r24, Y+2	; 0x02
     cae:	88 30       	cpi	r24, 0x08	; 8
     cb0:	08 f0       	brcs	.+2      	; 0xcb4 <MDIO_voidSetPinDirection+0x2a>
     cb2:	04 c1       	rjmp	.+520    	; 0xebc <MDIO_voidSetPinDirection+0x232>
     cb4:	8b 81       	ldd	r24, Y+3	; 0x03
     cb6:	82 30       	cpi	r24, 0x02	; 2
     cb8:	08 f0       	brcs	.+2      	; 0xcbc <MDIO_voidSetPinDirection+0x32>
     cba:	00 c1       	rjmp	.+512    	; 0xebc <MDIO_voidSetPinDirection+0x232>
	{
		switch(A_DIOPORT)
     cbc:	89 81       	ldd	r24, Y+1	; 0x01
     cbe:	28 2f       	mov	r18, r24
     cc0:	30 e0       	ldi	r19, 0x00	; 0
     cc2:	3d 87       	std	Y+13, r19	; 0x0d
     cc4:	2c 87       	std	Y+12, r18	; 0x0c
     cc6:	8c 85       	ldd	r24, Y+12	; 0x0c
     cc8:	9d 85       	ldd	r25, Y+13	; 0x0d
     cca:	81 30       	cpi	r24, 0x01	; 1
     ccc:	91 05       	cpc	r25, r1
     cce:	09 f4       	brne	.+2      	; 0xcd2 <MDIO_voidSetPinDirection+0x48>
     cd0:	4f c0       	rjmp	.+158    	; 0xd70 <MDIO_voidSetPinDirection+0xe6>
     cd2:	2c 85       	ldd	r18, Y+12	; 0x0c
     cd4:	3d 85       	ldd	r19, Y+13	; 0x0d
     cd6:	22 30       	cpi	r18, 0x02	; 2
     cd8:	31 05       	cpc	r19, r1
     cda:	2c f4       	brge	.+10     	; 0xce6 <MDIO_voidSetPinDirection+0x5c>
     cdc:	8c 85       	ldd	r24, Y+12	; 0x0c
     cde:	9d 85       	ldd	r25, Y+13	; 0x0d
     ce0:	00 97       	sbiw	r24, 0x00	; 0
     ce2:	71 f0       	breq	.+28     	; 0xd00 <MDIO_voidSetPinDirection+0x76>
     ce4:	eb c0       	rjmp	.+470    	; 0xebc <MDIO_voidSetPinDirection+0x232>
     ce6:	2c 85       	ldd	r18, Y+12	; 0x0c
     ce8:	3d 85       	ldd	r19, Y+13	; 0x0d
     cea:	22 30       	cpi	r18, 0x02	; 2
     cec:	31 05       	cpc	r19, r1
     cee:	09 f4       	brne	.+2      	; 0xcf2 <MDIO_voidSetPinDirection+0x68>
     cf0:	77 c0       	rjmp	.+238    	; 0xde0 <MDIO_voidSetPinDirection+0x156>
     cf2:	8c 85       	ldd	r24, Y+12	; 0x0c
     cf4:	9d 85       	ldd	r25, Y+13	; 0x0d
     cf6:	83 30       	cpi	r24, 0x03	; 3
     cf8:	91 05       	cpc	r25, r1
     cfa:	09 f4       	brne	.+2      	; 0xcfe <MDIO_voidSetPinDirection+0x74>
     cfc:	a9 c0       	rjmp	.+338    	; 0xe50 <MDIO_voidSetPinDirection+0x1c6>
     cfe:	de c0       	rjmp	.+444    	; 0xebc <MDIO_voidSetPinDirection+0x232>
		{
		case PORTA:
			switch(A_PinDirection)
     d00:	8b 81       	ldd	r24, Y+3	; 0x03
     d02:	28 2f       	mov	r18, r24
     d04:	30 e0       	ldi	r19, 0x00	; 0
     d06:	3b 87       	std	Y+11, r19	; 0x0b
     d08:	2a 87       	std	Y+10, r18	; 0x0a
     d0a:	8a 85       	ldd	r24, Y+10	; 0x0a
     d0c:	9b 85       	ldd	r25, Y+11	; 0x0b
     d0e:	00 97       	sbiw	r24, 0x00	; 0
     d10:	d1 f0       	breq	.+52     	; 0xd46 <MDIO_voidSetPinDirection+0xbc>
     d12:	2a 85       	ldd	r18, Y+10	; 0x0a
     d14:	3b 85       	ldd	r19, Y+11	; 0x0b
     d16:	21 30       	cpi	r18, 0x01	; 1
     d18:	31 05       	cpc	r19, r1
     d1a:	09 f0       	breq	.+2      	; 0xd1e <MDIO_voidSetPinDirection+0x94>
     d1c:	cf c0       	rjmp	.+414    	; 0xebc <MDIO_voidSetPinDirection+0x232>
			{
			case DIO_OUTPUT: SET_BIT(DDRA_REG,A_DIOPIN); break;
     d1e:	aa e3       	ldi	r26, 0x3A	; 58
     d20:	b0 e0       	ldi	r27, 0x00	; 0
     d22:	ea e3       	ldi	r30, 0x3A	; 58
     d24:	f0 e0       	ldi	r31, 0x00	; 0
     d26:	80 81       	ld	r24, Z
     d28:	48 2f       	mov	r20, r24
     d2a:	8a 81       	ldd	r24, Y+2	; 0x02
     d2c:	28 2f       	mov	r18, r24
     d2e:	30 e0       	ldi	r19, 0x00	; 0
     d30:	81 e0       	ldi	r24, 0x01	; 1
     d32:	90 e0       	ldi	r25, 0x00	; 0
     d34:	02 2e       	mov	r0, r18
     d36:	02 c0       	rjmp	.+4      	; 0xd3c <MDIO_voidSetPinDirection+0xb2>
     d38:	88 0f       	add	r24, r24
     d3a:	99 1f       	adc	r25, r25
     d3c:	0a 94       	dec	r0
     d3e:	e2 f7       	brpl	.-8      	; 0xd38 <MDIO_voidSetPinDirection+0xae>
     d40:	84 2b       	or	r24, r20
     d42:	8c 93       	st	X, r24
     d44:	bb c0       	rjmp	.+374    	; 0xebc <MDIO_voidSetPinDirection+0x232>
			case DIO_INPUT:  CLR_BIT(DDRA_REG,A_DIOPIN); break;
     d46:	aa e3       	ldi	r26, 0x3A	; 58
     d48:	b0 e0       	ldi	r27, 0x00	; 0
     d4a:	ea e3       	ldi	r30, 0x3A	; 58
     d4c:	f0 e0       	ldi	r31, 0x00	; 0
     d4e:	80 81       	ld	r24, Z
     d50:	48 2f       	mov	r20, r24
     d52:	8a 81       	ldd	r24, Y+2	; 0x02
     d54:	28 2f       	mov	r18, r24
     d56:	30 e0       	ldi	r19, 0x00	; 0
     d58:	81 e0       	ldi	r24, 0x01	; 1
     d5a:	90 e0       	ldi	r25, 0x00	; 0
     d5c:	02 2e       	mov	r0, r18
     d5e:	02 c0       	rjmp	.+4      	; 0xd64 <MDIO_voidSetPinDirection+0xda>
     d60:	88 0f       	add	r24, r24
     d62:	99 1f       	adc	r25, r25
     d64:	0a 94       	dec	r0
     d66:	e2 f7       	brpl	.-8      	; 0xd60 <MDIO_voidSetPinDirection+0xd6>
     d68:	80 95       	com	r24
     d6a:	84 23       	and	r24, r20
     d6c:	8c 93       	st	X, r24
     d6e:	a6 c0       	rjmp	.+332    	; 0xebc <MDIO_voidSetPinDirection+0x232>
			}

		break;

		case PORTB:
			switch(A_PinDirection)
     d70:	8b 81       	ldd	r24, Y+3	; 0x03
     d72:	28 2f       	mov	r18, r24
     d74:	30 e0       	ldi	r19, 0x00	; 0
     d76:	39 87       	std	Y+9, r19	; 0x09
     d78:	28 87       	std	Y+8, r18	; 0x08
     d7a:	88 85       	ldd	r24, Y+8	; 0x08
     d7c:	99 85       	ldd	r25, Y+9	; 0x09
     d7e:	00 97       	sbiw	r24, 0x00	; 0
     d80:	d1 f0       	breq	.+52     	; 0xdb6 <MDIO_voidSetPinDirection+0x12c>
     d82:	28 85       	ldd	r18, Y+8	; 0x08
     d84:	39 85       	ldd	r19, Y+9	; 0x09
     d86:	21 30       	cpi	r18, 0x01	; 1
     d88:	31 05       	cpc	r19, r1
     d8a:	09 f0       	breq	.+2      	; 0xd8e <MDIO_voidSetPinDirection+0x104>
     d8c:	97 c0       	rjmp	.+302    	; 0xebc <MDIO_voidSetPinDirection+0x232>
			{
				case DIO_OUTPUT: SET_BIT(DDRB_REG,A_DIOPIN); break;
     d8e:	a7 e3       	ldi	r26, 0x37	; 55
     d90:	b0 e0       	ldi	r27, 0x00	; 0
     d92:	e7 e3       	ldi	r30, 0x37	; 55
     d94:	f0 e0       	ldi	r31, 0x00	; 0
     d96:	80 81       	ld	r24, Z
     d98:	48 2f       	mov	r20, r24
     d9a:	8a 81       	ldd	r24, Y+2	; 0x02
     d9c:	28 2f       	mov	r18, r24
     d9e:	30 e0       	ldi	r19, 0x00	; 0
     da0:	81 e0       	ldi	r24, 0x01	; 1
     da2:	90 e0       	ldi	r25, 0x00	; 0
     da4:	02 2e       	mov	r0, r18
     da6:	02 c0       	rjmp	.+4      	; 0xdac <MDIO_voidSetPinDirection+0x122>
     da8:	88 0f       	add	r24, r24
     daa:	99 1f       	adc	r25, r25
     dac:	0a 94       	dec	r0
     dae:	e2 f7       	brpl	.-8      	; 0xda8 <MDIO_voidSetPinDirection+0x11e>
     db0:	84 2b       	or	r24, r20
     db2:	8c 93       	st	X, r24
     db4:	83 c0       	rjmp	.+262    	; 0xebc <MDIO_voidSetPinDirection+0x232>
				case DIO_INPUT:  CLR_BIT(DDRB_REG,A_DIOPIN); break;
     db6:	a7 e3       	ldi	r26, 0x37	; 55
     db8:	b0 e0       	ldi	r27, 0x00	; 0
     dba:	e7 e3       	ldi	r30, 0x37	; 55
     dbc:	f0 e0       	ldi	r31, 0x00	; 0
     dbe:	80 81       	ld	r24, Z
     dc0:	48 2f       	mov	r20, r24
     dc2:	8a 81       	ldd	r24, Y+2	; 0x02
     dc4:	28 2f       	mov	r18, r24
     dc6:	30 e0       	ldi	r19, 0x00	; 0
     dc8:	81 e0       	ldi	r24, 0x01	; 1
     dca:	90 e0       	ldi	r25, 0x00	; 0
     dcc:	02 2e       	mov	r0, r18
     dce:	02 c0       	rjmp	.+4      	; 0xdd4 <MDIO_voidSetPinDirection+0x14a>
     dd0:	88 0f       	add	r24, r24
     dd2:	99 1f       	adc	r25, r25
     dd4:	0a 94       	dec	r0
     dd6:	e2 f7       	brpl	.-8      	; 0xdd0 <MDIO_voidSetPinDirection+0x146>
     dd8:	80 95       	com	r24
     dda:	84 23       	and	r24, r20
     ddc:	8c 93       	st	X, r24
     dde:	6e c0       	rjmp	.+220    	; 0xebc <MDIO_voidSetPinDirection+0x232>
			}
		break;

		case PORTC:
			switch(A_PinDirection)
     de0:	8b 81       	ldd	r24, Y+3	; 0x03
     de2:	28 2f       	mov	r18, r24
     de4:	30 e0       	ldi	r19, 0x00	; 0
     de6:	3f 83       	std	Y+7, r19	; 0x07
     de8:	2e 83       	std	Y+6, r18	; 0x06
     dea:	8e 81       	ldd	r24, Y+6	; 0x06
     dec:	9f 81       	ldd	r25, Y+7	; 0x07
     dee:	00 97       	sbiw	r24, 0x00	; 0
     df0:	d1 f0       	breq	.+52     	; 0xe26 <MDIO_voidSetPinDirection+0x19c>
     df2:	2e 81       	ldd	r18, Y+6	; 0x06
     df4:	3f 81       	ldd	r19, Y+7	; 0x07
     df6:	21 30       	cpi	r18, 0x01	; 1
     df8:	31 05       	cpc	r19, r1
     dfa:	09 f0       	breq	.+2      	; 0xdfe <MDIO_voidSetPinDirection+0x174>
     dfc:	5f c0       	rjmp	.+190    	; 0xebc <MDIO_voidSetPinDirection+0x232>
			{
				case DIO_OUTPUT: SET_BIT(DDRC_REG,A_DIOPIN); break;
     dfe:	a4 e3       	ldi	r26, 0x34	; 52
     e00:	b0 e0       	ldi	r27, 0x00	; 0
     e02:	e4 e3       	ldi	r30, 0x34	; 52
     e04:	f0 e0       	ldi	r31, 0x00	; 0
     e06:	80 81       	ld	r24, Z
     e08:	48 2f       	mov	r20, r24
     e0a:	8a 81       	ldd	r24, Y+2	; 0x02
     e0c:	28 2f       	mov	r18, r24
     e0e:	30 e0       	ldi	r19, 0x00	; 0
     e10:	81 e0       	ldi	r24, 0x01	; 1
     e12:	90 e0       	ldi	r25, 0x00	; 0
     e14:	02 2e       	mov	r0, r18
     e16:	02 c0       	rjmp	.+4      	; 0xe1c <MDIO_voidSetPinDirection+0x192>
     e18:	88 0f       	add	r24, r24
     e1a:	99 1f       	adc	r25, r25
     e1c:	0a 94       	dec	r0
     e1e:	e2 f7       	brpl	.-8      	; 0xe18 <MDIO_voidSetPinDirection+0x18e>
     e20:	84 2b       	or	r24, r20
     e22:	8c 93       	st	X, r24
     e24:	4b c0       	rjmp	.+150    	; 0xebc <MDIO_voidSetPinDirection+0x232>
				case DIO_INPUT:  CLR_BIT(DDRC_REG,A_DIOPIN); break;
     e26:	a4 e3       	ldi	r26, 0x34	; 52
     e28:	b0 e0       	ldi	r27, 0x00	; 0
     e2a:	e4 e3       	ldi	r30, 0x34	; 52
     e2c:	f0 e0       	ldi	r31, 0x00	; 0
     e2e:	80 81       	ld	r24, Z
     e30:	48 2f       	mov	r20, r24
     e32:	8a 81       	ldd	r24, Y+2	; 0x02
     e34:	28 2f       	mov	r18, r24
     e36:	30 e0       	ldi	r19, 0x00	; 0
     e38:	81 e0       	ldi	r24, 0x01	; 1
     e3a:	90 e0       	ldi	r25, 0x00	; 0
     e3c:	02 2e       	mov	r0, r18
     e3e:	02 c0       	rjmp	.+4      	; 0xe44 <MDIO_voidSetPinDirection+0x1ba>
     e40:	88 0f       	add	r24, r24
     e42:	99 1f       	adc	r25, r25
     e44:	0a 94       	dec	r0
     e46:	e2 f7       	brpl	.-8      	; 0xe40 <MDIO_voidSetPinDirection+0x1b6>
     e48:	80 95       	com	r24
     e4a:	84 23       	and	r24, r20
     e4c:	8c 93       	st	X, r24
     e4e:	36 c0       	rjmp	.+108    	; 0xebc <MDIO_voidSetPinDirection+0x232>
			}
		break;

		case PORTD:
			switch(A_PinDirection)
     e50:	8b 81       	ldd	r24, Y+3	; 0x03
     e52:	28 2f       	mov	r18, r24
     e54:	30 e0       	ldi	r19, 0x00	; 0
     e56:	3d 83       	std	Y+5, r19	; 0x05
     e58:	2c 83       	std	Y+4, r18	; 0x04
     e5a:	8c 81       	ldd	r24, Y+4	; 0x04
     e5c:	9d 81       	ldd	r25, Y+5	; 0x05
     e5e:	00 97       	sbiw	r24, 0x00	; 0
     e60:	c9 f0       	breq	.+50     	; 0xe94 <MDIO_voidSetPinDirection+0x20a>
     e62:	2c 81       	ldd	r18, Y+4	; 0x04
     e64:	3d 81       	ldd	r19, Y+5	; 0x05
     e66:	21 30       	cpi	r18, 0x01	; 1
     e68:	31 05       	cpc	r19, r1
     e6a:	41 f5       	brne	.+80     	; 0xebc <MDIO_voidSetPinDirection+0x232>
			{
				case DIO_OUTPUT: SET_BIT(DDRD_REG,A_DIOPIN); break;
     e6c:	a1 e3       	ldi	r26, 0x31	; 49
     e6e:	b0 e0       	ldi	r27, 0x00	; 0
     e70:	e1 e3       	ldi	r30, 0x31	; 49
     e72:	f0 e0       	ldi	r31, 0x00	; 0
     e74:	80 81       	ld	r24, Z
     e76:	48 2f       	mov	r20, r24
     e78:	8a 81       	ldd	r24, Y+2	; 0x02
     e7a:	28 2f       	mov	r18, r24
     e7c:	30 e0       	ldi	r19, 0x00	; 0
     e7e:	81 e0       	ldi	r24, 0x01	; 1
     e80:	90 e0       	ldi	r25, 0x00	; 0
     e82:	02 2e       	mov	r0, r18
     e84:	02 c0       	rjmp	.+4      	; 0xe8a <MDIO_voidSetPinDirection+0x200>
     e86:	88 0f       	add	r24, r24
     e88:	99 1f       	adc	r25, r25
     e8a:	0a 94       	dec	r0
     e8c:	e2 f7       	brpl	.-8      	; 0xe86 <MDIO_voidSetPinDirection+0x1fc>
     e8e:	84 2b       	or	r24, r20
     e90:	8c 93       	st	X, r24
     e92:	14 c0       	rjmp	.+40     	; 0xebc <MDIO_voidSetPinDirection+0x232>
				case DIO_INPUT:  CLR_BIT(DDRD_REG,A_DIOPIN); break;
     e94:	a1 e3       	ldi	r26, 0x31	; 49
     e96:	b0 e0       	ldi	r27, 0x00	; 0
     e98:	e1 e3       	ldi	r30, 0x31	; 49
     e9a:	f0 e0       	ldi	r31, 0x00	; 0
     e9c:	80 81       	ld	r24, Z
     e9e:	48 2f       	mov	r20, r24
     ea0:	8a 81       	ldd	r24, Y+2	; 0x02
     ea2:	28 2f       	mov	r18, r24
     ea4:	30 e0       	ldi	r19, 0x00	; 0
     ea6:	81 e0       	ldi	r24, 0x01	; 1
     ea8:	90 e0       	ldi	r25, 0x00	; 0
     eaa:	02 2e       	mov	r0, r18
     eac:	02 c0       	rjmp	.+4      	; 0xeb2 <MDIO_voidSetPinDirection+0x228>
     eae:	88 0f       	add	r24, r24
     eb0:	99 1f       	adc	r25, r25
     eb2:	0a 94       	dec	r0
     eb4:	e2 f7       	brpl	.-8      	; 0xeae <MDIO_voidSetPinDirection+0x224>
     eb6:	80 95       	com	r24
     eb8:	84 23       	and	r24, r20
     eba:	8c 93       	st	X, r24
		}

	}


}
     ebc:	2d 96       	adiw	r28, 0x0d	; 13
     ebe:	0f b6       	in	r0, 0x3f	; 63
     ec0:	f8 94       	cli
     ec2:	de bf       	out	0x3e, r29	; 62
     ec4:	0f be       	out	0x3f, r0	; 63
     ec6:	cd bf       	out	0x3d, r28	; 61
     ec8:	cf 91       	pop	r28
     eca:	df 91       	pop	r29
     ecc:	08 95       	ret

00000ece <MDIO_voidSetPinValue>:

void MDIO_voidSetPinValue(DIO_PORTS A_DIOPORT,DIO_PINS A_DIOPIN,PIN_STATUS A_PinValue)
{
     ece:	df 93       	push	r29
     ed0:	cf 93       	push	r28
     ed2:	cd b7       	in	r28, 0x3d	; 61
     ed4:	de b7       	in	r29, 0x3e	; 62
     ed6:	2d 97       	sbiw	r28, 0x0d	; 13
     ed8:	0f b6       	in	r0, 0x3f	; 63
     eda:	f8 94       	cli
     edc:	de bf       	out	0x3e, r29	; 62
     ede:	0f be       	out	0x3f, r0	; 63
     ee0:	cd bf       	out	0x3d, r28	; 61
     ee2:	89 83       	std	Y+1, r24	; 0x01
     ee4:	6a 83       	std	Y+2, r22	; 0x02
     ee6:	4b 83       	std	Y+3, r20	; 0x03

	if((A_DIOPORT <= PORTD) && (A_DIOPIN <= PIN7) && (A_PinValue <= DIO_OUTPUT))
     ee8:	89 81       	ldd	r24, Y+1	; 0x01
     eea:	84 30       	cpi	r24, 0x04	; 4
     eec:	08 f0       	brcs	.+2      	; 0xef0 <MDIO_voidSetPinValue+0x22>
     eee:	08 c1       	rjmp	.+528    	; 0x1100 <MDIO_voidSetPinValue+0x232>
     ef0:	8a 81       	ldd	r24, Y+2	; 0x02
     ef2:	88 30       	cpi	r24, 0x08	; 8
     ef4:	08 f0       	brcs	.+2      	; 0xef8 <MDIO_voidSetPinValue+0x2a>
     ef6:	04 c1       	rjmp	.+520    	; 0x1100 <MDIO_voidSetPinValue+0x232>
     ef8:	8b 81       	ldd	r24, Y+3	; 0x03
     efa:	82 30       	cpi	r24, 0x02	; 2
     efc:	08 f0       	brcs	.+2      	; 0xf00 <MDIO_voidSetPinValue+0x32>
     efe:	00 c1       	rjmp	.+512    	; 0x1100 <MDIO_voidSetPinValue+0x232>
	{
		switch(A_DIOPORT)
     f00:	89 81       	ldd	r24, Y+1	; 0x01
     f02:	28 2f       	mov	r18, r24
     f04:	30 e0       	ldi	r19, 0x00	; 0
     f06:	3d 87       	std	Y+13, r19	; 0x0d
     f08:	2c 87       	std	Y+12, r18	; 0x0c
     f0a:	8c 85       	ldd	r24, Y+12	; 0x0c
     f0c:	9d 85       	ldd	r25, Y+13	; 0x0d
     f0e:	81 30       	cpi	r24, 0x01	; 1
     f10:	91 05       	cpc	r25, r1
     f12:	09 f4       	brne	.+2      	; 0xf16 <MDIO_voidSetPinValue+0x48>
     f14:	4f c0       	rjmp	.+158    	; 0xfb4 <MDIO_voidSetPinValue+0xe6>
     f16:	2c 85       	ldd	r18, Y+12	; 0x0c
     f18:	3d 85       	ldd	r19, Y+13	; 0x0d
     f1a:	22 30       	cpi	r18, 0x02	; 2
     f1c:	31 05       	cpc	r19, r1
     f1e:	2c f4       	brge	.+10     	; 0xf2a <MDIO_voidSetPinValue+0x5c>
     f20:	8c 85       	ldd	r24, Y+12	; 0x0c
     f22:	9d 85       	ldd	r25, Y+13	; 0x0d
     f24:	00 97       	sbiw	r24, 0x00	; 0
     f26:	71 f0       	breq	.+28     	; 0xf44 <MDIO_voidSetPinValue+0x76>
     f28:	eb c0       	rjmp	.+470    	; 0x1100 <MDIO_voidSetPinValue+0x232>
     f2a:	2c 85       	ldd	r18, Y+12	; 0x0c
     f2c:	3d 85       	ldd	r19, Y+13	; 0x0d
     f2e:	22 30       	cpi	r18, 0x02	; 2
     f30:	31 05       	cpc	r19, r1
     f32:	09 f4       	brne	.+2      	; 0xf36 <MDIO_voidSetPinValue+0x68>
     f34:	77 c0       	rjmp	.+238    	; 0x1024 <MDIO_voidSetPinValue+0x156>
     f36:	8c 85       	ldd	r24, Y+12	; 0x0c
     f38:	9d 85       	ldd	r25, Y+13	; 0x0d
     f3a:	83 30       	cpi	r24, 0x03	; 3
     f3c:	91 05       	cpc	r25, r1
     f3e:	09 f4       	brne	.+2      	; 0xf42 <MDIO_voidSetPinValue+0x74>
     f40:	a9 c0       	rjmp	.+338    	; 0x1094 <MDIO_voidSetPinValue+0x1c6>
     f42:	de c0       	rjmp	.+444    	; 0x1100 <MDIO_voidSetPinValue+0x232>
		{
		case PORTA:
			switch(A_PinValue)
     f44:	8b 81       	ldd	r24, Y+3	; 0x03
     f46:	28 2f       	mov	r18, r24
     f48:	30 e0       	ldi	r19, 0x00	; 0
     f4a:	3b 87       	std	Y+11, r19	; 0x0b
     f4c:	2a 87       	std	Y+10, r18	; 0x0a
     f4e:	8a 85       	ldd	r24, Y+10	; 0x0a
     f50:	9b 85       	ldd	r25, Y+11	; 0x0b
     f52:	00 97       	sbiw	r24, 0x00	; 0
     f54:	d1 f0       	breq	.+52     	; 0xf8a <MDIO_voidSetPinValue+0xbc>
     f56:	2a 85       	ldd	r18, Y+10	; 0x0a
     f58:	3b 85       	ldd	r19, Y+11	; 0x0b
     f5a:	21 30       	cpi	r18, 0x01	; 1
     f5c:	31 05       	cpc	r19, r1
     f5e:	09 f0       	breq	.+2      	; 0xf62 <MDIO_voidSetPinValue+0x94>
     f60:	cf c0       	rjmp	.+414    	; 0x1100 <MDIO_voidSetPinValue+0x232>
			{
			case DIO_HIGH: SET_BIT(PORTA_REG,A_DIOPIN); break;
     f62:	ab e3       	ldi	r26, 0x3B	; 59
     f64:	b0 e0       	ldi	r27, 0x00	; 0
     f66:	eb e3       	ldi	r30, 0x3B	; 59
     f68:	f0 e0       	ldi	r31, 0x00	; 0
     f6a:	80 81       	ld	r24, Z
     f6c:	48 2f       	mov	r20, r24
     f6e:	8a 81       	ldd	r24, Y+2	; 0x02
     f70:	28 2f       	mov	r18, r24
     f72:	30 e0       	ldi	r19, 0x00	; 0
     f74:	81 e0       	ldi	r24, 0x01	; 1
     f76:	90 e0       	ldi	r25, 0x00	; 0
     f78:	02 2e       	mov	r0, r18
     f7a:	02 c0       	rjmp	.+4      	; 0xf80 <MDIO_voidSetPinValue+0xb2>
     f7c:	88 0f       	add	r24, r24
     f7e:	99 1f       	adc	r25, r25
     f80:	0a 94       	dec	r0
     f82:	e2 f7       	brpl	.-8      	; 0xf7c <MDIO_voidSetPinValue+0xae>
     f84:	84 2b       	or	r24, r20
     f86:	8c 93       	st	X, r24
     f88:	bb c0       	rjmp	.+374    	; 0x1100 <MDIO_voidSetPinValue+0x232>
			case DIO_LOW:  CLR_BIT(PORTA_REG,A_DIOPIN); break;
     f8a:	ab e3       	ldi	r26, 0x3B	; 59
     f8c:	b0 e0       	ldi	r27, 0x00	; 0
     f8e:	eb e3       	ldi	r30, 0x3B	; 59
     f90:	f0 e0       	ldi	r31, 0x00	; 0
     f92:	80 81       	ld	r24, Z
     f94:	48 2f       	mov	r20, r24
     f96:	8a 81       	ldd	r24, Y+2	; 0x02
     f98:	28 2f       	mov	r18, r24
     f9a:	30 e0       	ldi	r19, 0x00	; 0
     f9c:	81 e0       	ldi	r24, 0x01	; 1
     f9e:	90 e0       	ldi	r25, 0x00	; 0
     fa0:	02 2e       	mov	r0, r18
     fa2:	02 c0       	rjmp	.+4      	; 0xfa8 <MDIO_voidSetPinValue+0xda>
     fa4:	88 0f       	add	r24, r24
     fa6:	99 1f       	adc	r25, r25
     fa8:	0a 94       	dec	r0
     faa:	e2 f7       	brpl	.-8      	; 0xfa4 <MDIO_voidSetPinValue+0xd6>
     fac:	80 95       	com	r24
     fae:	84 23       	and	r24, r20
     fb0:	8c 93       	st	X, r24
     fb2:	a6 c0       	rjmp	.+332    	; 0x1100 <MDIO_voidSetPinValue+0x232>
			}

		break;

		case PORTB:
			switch(A_PinValue)
     fb4:	8b 81       	ldd	r24, Y+3	; 0x03
     fb6:	28 2f       	mov	r18, r24
     fb8:	30 e0       	ldi	r19, 0x00	; 0
     fba:	39 87       	std	Y+9, r19	; 0x09
     fbc:	28 87       	std	Y+8, r18	; 0x08
     fbe:	88 85       	ldd	r24, Y+8	; 0x08
     fc0:	99 85       	ldd	r25, Y+9	; 0x09
     fc2:	00 97       	sbiw	r24, 0x00	; 0
     fc4:	d1 f0       	breq	.+52     	; 0xffa <MDIO_voidSetPinValue+0x12c>
     fc6:	28 85       	ldd	r18, Y+8	; 0x08
     fc8:	39 85       	ldd	r19, Y+9	; 0x09
     fca:	21 30       	cpi	r18, 0x01	; 1
     fcc:	31 05       	cpc	r19, r1
     fce:	09 f0       	breq	.+2      	; 0xfd2 <MDIO_voidSetPinValue+0x104>
     fd0:	97 c0       	rjmp	.+302    	; 0x1100 <MDIO_voidSetPinValue+0x232>
			{
				case DIO_HIGH: SET_BIT(PORTB_REG,A_DIOPIN); break;
     fd2:	a8 e3       	ldi	r26, 0x38	; 56
     fd4:	b0 e0       	ldi	r27, 0x00	; 0
     fd6:	e8 e3       	ldi	r30, 0x38	; 56
     fd8:	f0 e0       	ldi	r31, 0x00	; 0
     fda:	80 81       	ld	r24, Z
     fdc:	48 2f       	mov	r20, r24
     fde:	8a 81       	ldd	r24, Y+2	; 0x02
     fe0:	28 2f       	mov	r18, r24
     fe2:	30 e0       	ldi	r19, 0x00	; 0
     fe4:	81 e0       	ldi	r24, 0x01	; 1
     fe6:	90 e0       	ldi	r25, 0x00	; 0
     fe8:	02 2e       	mov	r0, r18
     fea:	02 c0       	rjmp	.+4      	; 0xff0 <MDIO_voidSetPinValue+0x122>
     fec:	88 0f       	add	r24, r24
     fee:	99 1f       	adc	r25, r25
     ff0:	0a 94       	dec	r0
     ff2:	e2 f7       	brpl	.-8      	; 0xfec <MDIO_voidSetPinValue+0x11e>
     ff4:	84 2b       	or	r24, r20
     ff6:	8c 93       	st	X, r24
     ff8:	83 c0       	rjmp	.+262    	; 0x1100 <MDIO_voidSetPinValue+0x232>
				case DIO_LOW:  CLR_BIT(PORTB_REG,A_DIOPIN); break;
     ffa:	a8 e3       	ldi	r26, 0x38	; 56
     ffc:	b0 e0       	ldi	r27, 0x00	; 0
     ffe:	e8 e3       	ldi	r30, 0x38	; 56
    1000:	f0 e0       	ldi	r31, 0x00	; 0
    1002:	80 81       	ld	r24, Z
    1004:	48 2f       	mov	r20, r24
    1006:	8a 81       	ldd	r24, Y+2	; 0x02
    1008:	28 2f       	mov	r18, r24
    100a:	30 e0       	ldi	r19, 0x00	; 0
    100c:	81 e0       	ldi	r24, 0x01	; 1
    100e:	90 e0       	ldi	r25, 0x00	; 0
    1010:	02 2e       	mov	r0, r18
    1012:	02 c0       	rjmp	.+4      	; 0x1018 <MDIO_voidSetPinValue+0x14a>
    1014:	88 0f       	add	r24, r24
    1016:	99 1f       	adc	r25, r25
    1018:	0a 94       	dec	r0
    101a:	e2 f7       	brpl	.-8      	; 0x1014 <MDIO_voidSetPinValue+0x146>
    101c:	80 95       	com	r24
    101e:	84 23       	and	r24, r20
    1020:	8c 93       	st	X, r24
    1022:	6e c0       	rjmp	.+220    	; 0x1100 <MDIO_voidSetPinValue+0x232>
			}
		break;

		case PORTC:
			switch(A_PinValue)
    1024:	8b 81       	ldd	r24, Y+3	; 0x03
    1026:	28 2f       	mov	r18, r24
    1028:	30 e0       	ldi	r19, 0x00	; 0
    102a:	3f 83       	std	Y+7, r19	; 0x07
    102c:	2e 83       	std	Y+6, r18	; 0x06
    102e:	8e 81       	ldd	r24, Y+6	; 0x06
    1030:	9f 81       	ldd	r25, Y+7	; 0x07
    1032:	00 97       	sbiw	r24, 0x00	; 0
    1034:	d1 f0       	breq	.+52     	; 0x106a <MDIO_voidSetPinValue+0x19c>
    1036:	2e 81       	ldd	r18, Y+6	; 0x06
    1038:	3f 81       	ldd	r19, Y+7	; 0x07
    103a:	21 30       	cpi	r18, 0x01	; 1
    103c:	31 05       	cpc	r19, r1
    103e:	09 f0       	breq	.+2      	; 0x1042 <MDIO_voidSetPinValue+0x174>
    1040:	5f c0       	rjmp	.+190    	; 0x1100 <MDIO_voidSetPinValue+0x232>
			{
				case DIO_HIGH: SET_BIT(PORTC_REG,A_DIOPIN); break;
    1042:	a5 e3       	ldi	r26, 0x35	; 53
    1044:	b0 e0       	ldi	r27, 0x00	; 0
    1046:	e5 e3       	ldi	r30, 0x35	; 53
    1048:	f0 e0       	ldi	r31, 0x00	; 0
    104a:	80 81       	ld	r24, Z
    104c:	48 2f       	mov	r20, r24
    104e:	8a 81       	ldd	r24, Y+2	; 0x02
    1050:	28 2f       	mov	r18, r24
    1052:	30 e0       	ldi	r19, 0x00	; 0
    1054:	81 e0       	ldi	r24, 0x01	; 1
    1056:	90 e0       	ldi	r25, 0x00	; 0
    1058:	02 2e       	mov	r0, r18
    105a:	02 c0       	rjmp	.+4      	; 0x1060 <MDIO_voidSetPinValue+0x192>
    105c:	88 0f       	add	r24, r24
    105e:	99 1f       	adc	r25, r25
    1060:	0a 94       	dec	r0
    1062:	e2 f7       	brpl	.-8      	; 0x105c <MDIO_voidSetPinValue+0x18e>
    1064:	84 2b       	or	r24, r20
    1066:	8c 93       	st	X, r24
    1068:	4b c0       	rjmp	.+150    	; 0x1100 <MDIO_voidSetPinValue+0x232>
				case DIO_LOW:  CLR_BIT(PORTC_REG,A_DIOPIN); break;
    106a:	a5 e3       	ldi	r26, 0x35	; 53
    106c:	b0 e0       	ldi	r27, 0x00	; 0
    106e:	e5 e3       	ldi	r30, 0x35	; 53
    1070:	f0 e0       	ldi	r31, 0x00	; 0
    1072:	80 81       	ld	r24, Z
    1074:	48 2f       	mov	r20, r24
    1076:	8a 81       	ldd	r24, Y+2	; 0x02
    1078:	28 2f       	mov	r18, r24
    107a:	30 e0       	ldi	r19, 0x00	; 0
    107c:	81 e0       	ldi	r24, 0x01	; 1
    107e:	90 e0       	ldi	r25, 0x00	; 0
    1080:	02 2e       	mov	r0, r18
    1082:	02 c0       	rjmp	.+4      	; 0x1088 <MDIO_voidSetPinValue+0x1ba>
    1084:	88 0f       	add	r24, r24
    1086:	99 1f       	adc	r25, r25
    1088:	0a 94       	dec	r0
    108a:	e2 f7       	brpl	.-8      	; 0x1084 <MDIO_voidSetPinValue+0x1b6>
    108c:	80 95       	com	r24
    108e:	84 23       	and	r24, r20
    1090:	8c 93       	st	X, r24
    1092:	36 c0       	rjmp	.+108    	; 0x1100 <MDIO_voidSetPinValue+0x232>
			}
		break;

		case PORTD:
			switch(A_PinValue)
    1094:	8b 81       	ldd	r24, Y+3	; 0x03
    1096:	28 2f       	mov	r18, r24
    1098:	30 e0       	ldi	r19, 0x00	; 0
    109a:	3d 83       	std	Y+5, r19	; 0x05
    109c:	2c 83       	std	Y+4, r18	; 0x04
    109e:	8c 81       	ldd	r24, Y+4	; 0x04
    10a0:	9d 81       	ldd	r25, Y+5	; 0x05
    10a2:	00 97       	sbiw	r24, 0x00	; 0
    10a4:	c9 f0       	breq	.+50     	; 0x10d8 <MDIO_voidSetPinValue+0x20a>
    10a6:	2c 81       	ldd	r18, Y+4	; 0x04
    10a8:	3d 81       	ldd	r19, Y+5	; 0x05
    10aa:	21 30       	cpi	r18, 0x01	; 1
    10ac:	31 05       	cpc	r19, r1
    10ae:	41 f5       	brne	.+80     	; 0x1100 <MDIO_voidSetPinValue+0x232>
			{
				case DIO_HIGH: SET_BIT(PORTD_REG,A_DIOPIN); break;
    10b0:	a2 e3       	ldi	r26, 0x32	; 50
    10b2:	b0 e0       	ldi	r27, 0x00	; 0
    10b4:	e2 e3       	ldi	r30, 0x32	; 50
    10b6:	f0 e0       	ldi	r31, 0x00	; 0
    10b8:	80 81       	ld	r24, Z
    10ba:	48 2f       	mov	r20, r24
    10bc:	8a 81       	ldd	r24, Y+2	; 0x02
    10be:	28 2f       	mov	r18, r24
    10c0:	30 e0       	ldi	r19, 0x00	; 0
    10c2:	81 e0       	ldi	r24, 0x01	; 1
    10c4:	90 e0       	ldi	r25, 0x00	; 0
    10c6:	02 2e       	mov	r0, r18
    10c8:	02 c0       	rjmp	.+4      	; 0x10ce <MDIO_voidSetPinValue+0x200>
    10ca:	88 0f       	add	r24, r24
    10cc:	99 1f       	adc	r25, r25
    10ce:	0a 94       	dec	r0
    10d0:	e2 f7       	brpl	.-8      	; 0x10ca <MDIO_voidSetPinValue+0x1fc>
    10d2:	84 2b       	or	r24, r20
    10d4:	8c 93       	st	X, r24
    10d6:	14 c0       	rjmp	.+40     	; 0x1100 <MDIO_voidSetPinValue+0x232>
				case DIO_LOW:  CLR_BIT(PORTD_REG,A_DIOPIN); break;
    10d8:	a2 e3       	ldi	r26, 0x32	; 50
    10da:	b0 e0       	ldi	r27, 0x00	; 0
    10dc:	e2 e3       	ldi	r30, 0x32	; 50
    10de:	f0 e0       	ldi	r31, 0x00	; 0
    10e0:	80 81       	ld	r24, Z
    10e2:	48 2f       	mov	r20, r24
    10e4:	8a 81       	ldd	r24, Y+2	; 0x02
    10e6:	28 2f       	mov	r18, r24
    10e8:	30 e0       	ldi	r19, 0x00	; 0
    10ea:	81 e0       	ldi	r24, 0x01	; 1
    10ec:	90 e0       	ldi	r25, 0x00	; 0
    10ee:	02 2e       	mov	r0, r18
    10f0:	02 c0       	rjmp	.+4      	; 0x10f6 <MDIO_voidSetPinValue+0x228>
    10f2:	88 0f       	add	r24, r24
    10f4:	99 1f       	adc	r25, r25
    10f6:	0a 94       	dec	r0
    10f8:	e2 f7       	brpl	.-8      	; 0x10f2 <MDIO_voidSetPinValue+0x224>
    10fa:	80 95       	com	r24
    10fc:	84 23       	and	r24, r20
    10fe:	8c 93       	st	X, r24
		}

	}


}
    1100:	2d 96       	adiw	r28, 0x0d	; 13
    1102:	0f b6       	in	r0, 0x3f	; 63
    1104:	f8 94       	cli
    1106:	de bf       	out	0x3e, r29	; 62
    1108:	0f be       	out	0x3f, r0	; 63
    110a:	cd bf       	out	0x3d, r28	; 61
    110c:	cf 91       	pop	r28
    110e:	df 91       	pop	r29
    1110:	08 95       	ret

00001112 <MDIO_voidTogglePinValue>:

void MDIO_voidTogglePinValue(DIO_PORTS A_DIOPORT, DIO_PINS A_DIOPIN)
{
    1112:	df 93       	push	r29
    1114:	cf 93       	push	r28
    1116:	00 d0       	rcall	.+0      	; 0x1118 <MDIO_voidTogglePinValue+0x6>
    1118:	00 d0       	rcall	.+0      	; 0x111a <MDIO_voidTogglePinValue+0x8>
    111a:	cd b7       	in	r28, 0x3d	; 61
    111c:	de b7       	in	r29, 0x3e	; 62
    111e:	89 83       	std	Y+1, r24	; 0x01
    1120:	6a 83       	std	Y+2, r22	; 0x02

	if((A_DIOPORT <= PORTD) && (A_DIOPIN <= PIN7) )
    1122:	89 81       	ldd	r24, Y+1	; 0x01
    1124:	84 30       	cpi	r24, 0x04	; 4
    1126:	08 f0       	brcs	.+2      	; 0x112a <MDIO_voidTogglePinValue+0x18>
    1128:	72 c0       	rjmp	.+228    	; 0x120e <MDIO_voidTogglePinValue+0xfc>
    112a:	8a 81       	ldd	r24, Y+2	; 0x02
    112c:	88 30       	cpi	r24, 0x08	; 8
    112e:	08 f0       	brcs	.+2      	; 0x1132 <MDIO_voidTogglePinValue+0x20>
    1130:	6e c0       	rjmp	.+220    	; 0x120e <MDIO_voidTogglePinValue+0xfc>
		{
			switch(A_DIOPORT)
    1132:	89 81       	ldd	r24, Y+1	; 0x01
    1134:	28 2f       	mov	r18, r24
    1136:	30 e0       	ldi	r19, 0x00	; 0
    1138:	3c 83       	std	Y+4, r19	; 0x04
    113a:	2b 83       	std	Y+3, r18	; 0x03
    113c:	8b 81       	ldd	r24, Y+3	; 0x03
    113e:	9c 81       	ldd	r25, Y+4	; 0x04
    1140:	81 30       	cpi	r24, 0x01	; 1
    1142:	91 05       	cpc	r25, r1
    1144:	49 f1       	breq	.+82     	; 0x1198 <MDIO_voidTogglePinValue+0x86>
    1146:	2b 81       	ldd	r18, Y+3	; 0x03
    1148:	3c 81       	ldd	r19, Y+4	; 0x04
    114a:	22 30       	cpi	r18, 0x02	; 2
    114c:	31 05       	cpc	r19, r1
    114e:	2c f4       	brge	.+10     	; 0x115a <MDIO_voidTogglePinValue+0x48>
    1150:	8b 81       	ldd	r24, Y+3	; 0x03
    1152:	9c 81       	ldd	r25, Y+4	; 0x04
    1154:	00 97       	sbiw	r24, 0x00	; 0
    1156:	61 f0       	breq	.+24     	; 0x1170 <MDIO_voidTogglePinValue+0x5e>
    1158:	5a c0       	rjmp	.+180    	; 0x120e <MDIO_voidTogglePinValue+0xfc>
    115a:	2b 81       	ldd	r18, Y+3	; 0x03
    115c:	3c 81       	ldd	r19, Y+4	; 0x04
    115e:	22 30       	cpi	r18, 0x02	; 2
    1160:	31 05       	cpc	r19, r1
    1162:	71 f1       	breq	.+92     	; 0x11c0 <MDIO_voidTogglePinValue+0xae>
    1164:	8b 81       	ldd	r24, Y+3	; 0x03
    1166:	9c 81       	ldd	r25, Y+4	; 0x04
    1168:	83 30       	cpi	r24, 0x03	; 3
    116a:	91 05       	cpc	r25, r1
    116c:	e9 f1       	breq	.+122    	; 0x11e8 <MDIO_voidTogglePinValue+0xd6>
    116e:	4f c0       	rjmp	.+158    	; 0x120e <MDIO_voidTogglePinValue+0xfc>
				{
					case PORTA: TOGGLE_BIT(PORTA_REG,A_DIOPIN);break;
    1170:	ab e3       	ldi	r26, 0x3B	; 59
    1172:	b0 e0       	ldi	r27, 0x00	; 0
    1174:	eb e3       	ldi	r30, 0x3B	; 59
    1176:	f0 e0       	ldi	r31, 0x00	; 0
    1178:	80 81       	ld	r24, Z
    117a:	48 2f       	mov	r20, r24
    117c:	8a 81       	ldd	r24, Y+2	; 0x02
    117e:	28 2f       	mov	r18, r24
    1180:	30 e0       	ldi	r19, 0x00	; 0
    1182:	81 e0       	ldi	r24, 0x01	; 1
    1184:	90 e0       	ldi	r25, 0x00	; 0
    1186:	02 2e       	mov	r0, r18
    1188:	02 c0       	rjmp	.+4      	; 0x118e <MDIO_voidTogglePinValue+0x7c>
    118a:	88 0f       	add	r24, r24
    118c:	99 1f       	adc	r25, r25
    118e:	0a 94       	dec	r0
    1190:	e2 f7       	brpl	.-8      	; 0x118a <MDIO_voidTogglePinValue+0x78>
    1192:	84 27       	eor	r24, r20
    1194:	8c 93       	st	X, r24
    1196:	3b c0       	rjmp	.+118    	; 0x120e <MDIO_voidTogglePinValue+0xfc>

					case PORTB:  TOGGLE_BIT(PORTB_REG,A_DIOPIN);break;
    1198:	a8 e3       	ldi	r26, 0x38	; 56
    119a:	b0 e0       	ldi	r27, 0x00	; 0
    119c:	e8 e3       	ldi	r30, 0x38	; 56
    119e:	f0 e0       	ldi	r31, 0x00	; 0
    11a0:	80 81       	ld	r24, Z
    11a2:	48 2f       	mov	r20, r24
    11a4:	8a 81       	ldd	r24, Y+2	; 0x02
    11a6:	28 2f       	mov	r18, r24
    11a8:	30 e0       	ldi	r19, 0x00	; 0
    11aa:	81 e0       	ldi	r24, 0x01	; 1
    11ac:	90 e0       	ldi	r25, 0x00	; 0
    11ae:	02 2e       	mov	r0, r18
    11b0:	02 c0       	rjmp	.+4      	; 0x11b6 <MDIO_voidTogglePinValue+0xa4>
    11b2:	88 0f       	add	r24, r24
    11b4:	99 1f       	adc	r25, r25
    11b6:	0a 94       	dec	r0
    11b8:	e2 f7       	brpl	.-8      	; 0x11b2 <MDIO_voidTogglePinValue+0xa0>
    11ba:	84 27       	eor	r24, r20
    11bc:	8c 93       	st	X, r24
    11be:	27 c0       	rjmp	.+78     	; 0x120e <MDIO_voidTogglePinValue+0xfc>

					case PORTC:  TOGGLE_BIT(PORTC_REG,A_DIOPIN);break;
    11c0:	a5 e3       	ldi	r26, 0x35	; 53
    11c2:	b0 e0       	ldi	r27, 0x00	; 0
    11c4:	e5 e3       	ldi	r30, 0x35	; 53
    11c6:	f0 e0       	ldi	r31, 0x00	; 0
    11c8:	80 81       	ld	r24, Z
    11ca:	48 2f       	mov	r20, r24
    11cc:	8a 81       	ldd	r24, Y+2	; 0x02
    11ce:	28 2f       	mov	r18, r24
    11d0:	30 e0       	ldi	r19, 0x00	; 0
    11d2:	81 e0       	ldi	r24, 0x01	; 1
    11d4:	90 e0       	ldi	r25, 0x00	; 0
    11d6:	02 2e       	mov	r0, r18
    11d8:	02 c0       	rjmp	.+4      	; 0x11de <MDIO_voidTogglePinValue+0xcc>
    11da:	88 0f       	add	r24, r24
    11dc:	99 1f       	adc	r25, r25
    11de:	0a 94       	dec	r0
    11e0:	e2 f7       	brpl	.-8      	; 0x11da <MDIO_voidTogglePinValue+0xc8>
    11e2:	84 27       	eor	r24, r20
    11e4:	8c 93       	st	X, r24
    11e6:	13 c0       	rjmp	.+38     	; 0x120e <MDIO_voidTogglePinValue+0xfc>

					case PORTD: TOGGLE_BIT(PORTD_REG,A_DIOPIN);break;
    11e8:	a2 e3       	ldi	r26, 0x32	; 50
    11ea:	b0 e0       	ldi	r27, 0x00	; 0
    11ec:	e2 e3       	ldi	r30, 0x32	; 50
    11ee:	f0 e0       	ldi	r31, 0x00	; 0
    11f0:	80 81       	ld	r24, Z
    11f2:	48 2f       	mov	r20, r24
    11f4:	8a 81       	ldd	r24, Y+2	; 0x02
    11f6:	28 2f       	mov	r18, r24
    11f8:	30 e0       	ldi	r19, 0x00	; 0
    11fa:	81 e0       	ldi	r24, 0x01	; 1
    11fc:	90 e0       	ldi	r25, 0x00	; 0
    11fe:	02 2e       	mov	r0, r18
    1200:	02 c0       	rjmp	.+4      	; 0x1206 <MDIO_voidTogglePinValue+0xf4>
    1202:	88 0f       	add	r24, r24
    1204:	99 1f       	adc	r25, r25
    1206:	0a 94       	dec	r0
    1208:	e2 f7       	brpl	.-8      	; 0x1202 <MDIO_voidTogglePinValue+0xf0>
    120a:	84 27       	eor	r24, r20
    120c:	8c 93       	st	X, r24

				default: break;
				}
		}
}
    120e:	0f 90       	pop	r0
    1210:	0f 90       	pop	r0
    1212:	0f 90       	pop	r0
    1214:	0f 90       	pop	r0
    1216:	cf 91       	pop	r28
    1218:	df 91       	pop	r29
    121a:	08 95       	ret

0000121c <MDIO_PinstatusGetPinValue>:


PIN_STATUS MDIO_PinstatusGetPinValue(DIO_PORTS A_DIOPORT, DIO_PINS A_DIOPIN)
{
    121c:	df 93       	push	r29
    121e:	cf 93       	push	r28
    1220:	00 d0       	rcall	.+0      	; 0x1222 <MDIO_PinstatusGetPinValue+0x6>
    1222:	00 d0       	rcall	.+0      	; 0x1224 <MDIO_PinstatusGetPinValue+0x8>
    1224:	0f 92       	push	r0
    1226:	cd b7       	in	r28, 0x3d	; 61
    1228:	de b7       	in	r29, 0x3e	; 62
    122a:	8a 83       	std	Y+2, r24	; 0x02
    122c:	6b 83       	std	Y+3, r22	; 0x03
	PIN_STATUS PIN_VALUE;
	if((A_DIOPORT <= PORTD) && (A_DIOPIN <= PIN7) )
    122e:	8a 81       	ldd	r24, Y+2	; 0x02
    1230:	84 30       	cpi	r24, 0x04	; 4
    1232:	08 f0       	brcs	.+2      	; 0x1236 <MDIO_PinstatusGetPinValue+0x1a>
    1234:	6b c0       	rjmp	.+214    	; 0x130c <MDIO_PinstatusGetPinValue+0xf0>
    1236:	8b 81       	ldd	r24, Y+3	; 0x03
    1238:	88 30       	cpi	r24, 0x08	; 8
    123a:	08 f0       	brcs	.+2      	; 0x123e <MDIO_PinstatusGetPinValue+0x22>
    123c:	67 c0       	rjmp	.+206    	; 0x130c <MDIO_PinstatusGetPinValue+0xf0>
			{
				switch(A_DIOPORT)
    123e:	8a 81       	ldd	r24, Y+2	; 0x02
    1240:	28 2f       	mov	r18, r24
    1242:	30 e0       	ldi	r19, 0x00	; 0
    1244:	3d 83       	std	Y+5, r19	; 0x05
    1246:	2c 83       	std	Y+4, r18	; 0x04
    1248:	4c 81       	ldd	r20, Y+4	; 0x04
    124a:	5d 81       	ldd	r21, Y+5	; 0x05
    124c:	41 30       	cpi	r20, 0x01	; 1
    124e:	51 05       	cpc	r21, r1
    1250:	41 f1       	breq	.+80     	; 0x12a2 <MDIO_PinstatusGetPinValue+0x86>
    1252:	8c 81       	ldd	r24, Y+4	; 0x04
    1254:	9d 81       	ldd	r25, Y+5	; 0x05
    1256:	82 30       	cpi	r24, 0x02	; 2
    1258:	91 05       	cpc	r25, r1
    125a:	34 f4       	brge	.+12     	; 0x1268 <MDIO_PinstatusGetPinValue+0x4c>
    125c:	2c 81       	ldd	r18, Y+4	; 0x04
    125e:	3d 81       	ldd	r19, Y+5	; 0x05
    1260:	21 15       	cp	r18, r1
    1262:	31 05       	cpc	r19, r1
    1264:	61 f0       	breq	.+24     	; 0x127e <MDIO_PinstatusGetPinValue+0x62>
    1266:	52 c0       	rjmp	.+164    	; 0x130c <MDIO_PinstatusGetPinValue+0xf0>
    1268:	4c 81       	ldd	r20, Y+4	; 0x04
    126a:	5d 81       	ldd	r21, Y+5	; 0x05
    126c:	42 30       	cpi	r20, 0x02	; 2
    126e:	51 05       	cpc	r21, r1
    1270:	51 f1       	breq	.+84     	; 0x12c6 <MDIO_PinstatusGetPinValue+0xaa>
    1272:	8c 81       	ldd	r24, Y+4	; 0x04
    1274:	9d 81       	ldd	r25, Y+5	; 0x05
    1276:	83 30       	cpi	r24, 0x03	; 3
    1278:	91 05       	cpc	r25, r1
    127a:	b9 f1       	breq	.+110    	; 0x12ea <MDIO_PinstatusGetPinValue+0xce>
    127c:	47 c0       	rjmp	.+142    	; 0x130c <MDIO_PinstatusGetPinValue+0xf0>
					{
						case PORTA: PIN_VALUE = GET_BIT(PINA_REG,A_DIOPIN);break;
    127e:	e9 e3       	ldi	r30, 0x39	; 57
    1280:	f0 e0       	ldi	r31, 0x00	; 0
    1282:	80 81       	ld	r24, Z
    1284:	28 2f       	mov	r18, r24
    1286:	30 e0       	ldi	r19, 0x00	; 0
    1288:	8b 81       	ldd	r24, Y+3	; 0x03
    128a:	88 2f       	mov	r24, r24
    128c:	90 e0       	ldi	r25, 0x00	; 0
    128e:	a9 01       	movw	r20, r18
    1290:	02 c0       	rjmp	.+4      	; 0x1296 <MDIO_PinstatusGetPinValue+0x7a>
    1292:	55 95       	asr	r21
    1294:	47 95       	ror	r20
    1296:	8a 95       	dec	r24
    1298:	e2 f7       	brpl	.-8      	; 0x1292 <MDIO_PinstatusGetPinValue+0x76>
    129a:	ca 01       	movw	r24, r20
    129c:	81 70       	andi	r24, 0x01	; 1
    129e:	89 83       	std	Y+1, r24	; 0x01
    12a0:	35 c0       	rjmp	.+106    	; 0x130c <MDIO_PinstatusGetPinValue+0xf0>

						case PORTB: PIN_VALUE = GET_BIT(PINB_REG,A_DIOPIN);break;
    12a2:	e6 e3       	ldi	r30, 0x36	; 54
    12a4:	f0 e0       	ldi	r31, 0x00	; 0
    12a6:	80 81       	ld	r24, Z
    12a8:	28 2f       	mov	r18, r24
    12aa:	30 e0       	ldi	r19, 0x00	; 0
    12ac:	8b 81       	ldd	r24, Y+3	; 0x03
    12ae:	88 2f       	mov	r24, r24
    12b0:	90 e0       	ldi	r25, 0x00	; 0
    12b2:	a9 01       	movw	r20, r18
    12b4:	02 c0       	rjmp	.+4      	; 0x12ba <MDIO_PinstatusGetPinValue+0x9e>
    12b6:	55 95       	asr	r21
    12b8:	47 95       	ror	r20
    12ba:	8a 95       	dec	r24
    12bc:	e2 f7       	brpl	.-8      	; 0x12b6 <MDIO_PinstatusGetPinValue+0x9a>
    12be:	ca 01       	movw	r24, r20
    12c0:	81 70       	andi	r24, 0x01	; 1
    12c2:	89 83       	std	Y+1, r24	; 0x01
    12c4:	23 c0       	rjmp	.+70     	; 0x130c <MDIO_PinstatusGetPinValue+0xf0>

						case PORTC: PIN_VALUE = GET_BIT(PINC_REG,A_DIOPIN);break;
    12c6:	e3 e3       	ldi	r30, 0x33	; 51
    12c8:	f0 e0       	ldi	r31, 0x00	; 0
    12ca:	80 81       	ld	r24, Z
    12cc:	28 2f       	mov	r18, r24
    12ce:	30 e0       	ldi	r19, 0x00	; 0
    12d0:	8b 81       	ldd	r24, Y+3	; 0x03
    12d2:	88 2f       	mov	r24, r24
    12d4:	90 e0       	ldi	r25, 0x00	; 0
    12d6:	a9 01       	movw	r20, r18
    12d8:	02 c0       	rjmp	.+4      	; 0x12de <MDIO_PinstatusGetPinValue+0xc2>
    12da:	55 95       	asr	r21
    12dc:	47 95       	ror	r20
    12de:	8a 95       	dec	r24
    12e0:	e2 f7       	brpl	.-8      	; 0x12da <MDIO_PinstatusGetPinValue+0xbe>
    12e2:	ca 01       	movw	r24, r20
    12e4:	81 70       	andi	r24, 0x01	; 1
    12e6:	89 83       	std	Y+1, r24	; 0x01
    12e8:	11 c0       	rjmp	.+34     	; 0x130c <MDIO_PinstatusGetPinValue+0xf0>

						case PORTD: PIN_VALUE = GET_BIT(PIND_REG,A_DIOPIN);break;
    12ea:	e0 e3       	ldi	r30, 0x30	; 48
    12ec:	f0 e0       	ldi	r31, 0x00	; 0
    12ee:	80 81       	ld	r24, Z
    12f0:	28 2f       	mov	r18, r24
    12f2:	30 e0       	ldi	r19, 0x00	; 0
    12f4:	8b 81       	ldd	r24, Y+3	; 0x03
    12f6:	88 2f       	mov	r24, r24
    12f8:	90 e0       	ldi	r25, 0x00	; 0
    12fa:	a9 01       	movw	r20, r18
    12fc:	02 c0       	rjmp	.+4      	; 0x1302 <MDIO_PinstatusGetPinValue+0xe6>
    12fe:	55 95       	asr	r21
    1300:	47 95       	ror	r20
    1302:	8a 95       	dec	r24
    1304:	e2 f7       	brpl	.-8      	; 0x12fe <MDIO_PinstatusGetPinValue+0xe2>
    1306:	ca 01       	movw	r24, r20
    1308:	81 70       	andi	r24, 0x01	; 1
    130a:	89 83       	std	Y+1, r24	; 0x01

					default: break;
					}
			}

	return PIN_VALUE;
    130c:	89 81       	ldd	r24, Y+1	; 0x01

}
    130e:	0f 90       	pop	r0
    1310:	0f 90       	pop	r0
    1312:	0f 90       	pop	r0
    1314:	0f 90       	pop	r0
    1316:	0f 90       	pop	r0
    1318:	cf 91       	pop	r28
    131a:	df 91       	pop	r29
    131c:	08 95       	ret

0000131e <MDIO_voidSetPortDirection>:


void MDIO_voidSetPortDirection(DIO_PORTS A_DIOPORT, u8 A_u8PortDirection)
{  //Bitmath   SET_BYTE(Reg,value)
    131e:	df 93       	push	r29
    1320:	cf 93       	push	r28
    1322:	00 d0       	rcall	.+0      	; 0x1324 <MDIO_voidSetPortDirection+0x6>
    1324:	00 d0       	rcall	.+0      	; 0x1326 <MDIO_voidSetPortDirection+0x8>
    1326:	cd b7       	in	r28, 0x3d	; 61
    1328:	de b7       	in	r29, 0x3e	; 62
    132a:	89 83       	std	Y+1, r24	; 0x01
    132c:	6a 83       	std	Y+2, r22	; 0x02
	if((A_DIOPORT <= PORTD) )
    132e:	89 81       	ldd	r24, Y+1	; 0x01
    1330:	84 30       	cpi	r24, 0x04	; 4
    1332:	90 f5       	brcc	.+100    	; 0x1398 <MDIO_voidSetPortDirection+0x7a>
		{
			switch(A_DIOPORT)
    1334:	89 81       	ldd	r24, Y+1	; 0x01
    1336:	28 2f       	mov	r18, r24
    1338:	30 e0       	ldi	r19, 0x00	; 0
    133a:	3c 83       	std	Y+4, r19	; 0x04
    133c:	2b 83       	std	Y+3, r18	; 0x03
    133e:	8b 81       	ldd	r24, Y+3	; 0x03
    1340:	9c 81       	ldd	r25, Y+4	; 0x04
    1342:	81 30       	cpi	r24, 0x01	; 1
    1344:	91 05       	cpc	r25, r1
    1346:	d1 f0       	breq	.+52     	; 0x137c <MDIO_voidSetPortDirection+0x5e>
    1348:	2b 81       	ldd	r18, Y+3	; 0x03
    134a:	3c 81       	ldd	r19, Y+4	; 0x04
    134c:	22 30       	cpi	r18, 0x02	; 2
    134e:	31 05       	cpc	r19, r1
    1350:	2c f4       	brge	.+10     	; 0x135c <MDIO_voidSetPortDirection+0x3e>
    1352:	8b 81       	ldd	r24, Y+3	; 0x03
    1354:	9c 81       	ldd	r25, Y+4	; 0x04
    1356:	00 97       	sbiw	r24, 0x00	; 0
    1358:	61 f0       	breq	.+24     	; 0x1372 <MDIO_voidSetPortDirection+0x54>
    135a:	1e c0       	rjmp	.+60     	; 0x1398 <MDIO_voidSetPortDirection+0x7a>
    135c:	2b 81       	ldd	r18, Y+3	; 0x03
    135e:	3c 81       	ldd	r19, Y+4	; 0x04
    1360:	22 30       	cpi	r18, 0x02	; 2
    1362:	31 05       	cpc	r19, r1
    1364:	81 f0       	breq	.+32     	; 0x1386 <MDIO_voidSetPortDirection+0x68>
    1366:	8b 81       	ldd	r24, Y+3	; 0x03
    1368:	9c 81       	ldd	r25, Y+4	; 0x04
    136a:	83 30       	cpi	r24, 0x03	; 3
    136c:	91 05       	cpc	r25, r1
    136e:	81 f0       	breq	.+32     	; 0x1390 <MDIO_voidSetPortDirection+0x72>
    1370:	13 c0       	rjmp	.+38     	; 0x1398 <MDIO_voidSetPortDirection+0x7a>
				{
					case PORTA: SET_BYTE(DDRA_REG,A_u8PortDirection);break;
    1372:	ea e3       	ldi	r30, 0x3A	; 58
    1374:	f0 e0       	ldi	r31, 0x00	; 0
    1376:	8a 81       	ldd	r24, Y+2	; 0x02
    1378:	80 83       	st	Z, r24
    137a:	0e c0       	rjmp	.+28     	; 0x1398 <MDIO_voidSetPortDirection+0x7a>

					case PORTB:  SET_BYTE(DDRB_REG,A_u8PortDirection);break;
    137c:	e7 e3       	ldi	r30, 0x37	; 55
    137e:	f0 e0       	ldi	r31, 0x00	; 0
    1380:	8a 81       	ldd	r24, Y+2	; 0x02
    1382:	80 83       	st	Z, r24
    1384:	09 c0       	rjmp	.+18     	; 0x1398 <MDIO_voidSetPortDirection+0x7a>

					case PORTC:  SET_BYTE(DDRC_REG,A_u8PortDirection);break;
    1386:	e4 e3       	ldi	r30, 0x34	; 52
    1388:	f0 e0       	ldi	r31, 0x00	; 0
    138a:	8a 81       	ldd	r24, Y+2	; 0x02
    138c:	80 83       	st	Z, r24
    138e:	04 c0       	rjmp	.+8      	; 0x1398 <MDIO_voidSetPortDirection+0x7a>

					case PORTD: SET_BYTE(DDRD_REG,A_u8PortDirection);break;
    1390:	e1 e3       	ldi	r30, 0x31	; 49
    1392:	f0 e0       	ldi	r31, 0x00	; 0
    1394:	8a 81       	ldd	r24, Y+2	; 0x02
    1396:	80 83       	st	Z, r24

				default: break;
				}
		}

}
    1398:	0f 90       	pop	r0
    139a:	0f 90       	pop	r0
    139c:	0f 90       	pop	r0
    139e:	0f 90       	pop	r0
    13a0:	cf 91       	pop	r28
    13a2:	df 91       	pop	r29
    13a4:	08 95       	ret

000013a6 <MDIO_voidSetPortValue>:


void MDIO_voidSetPortValue(DIO_PORTS A_DIOPORT, u8 A_u8PortValue)
{
    13a6:	df 93       	push	r29
    13a8:	cf 93       	push	r28
    13aa:	00 d0       	rcall	.+0      	; 0x13ac <MDIO_voidSetPortValue+0x6>
    13ac:	00 d0       	rcall	.+0      	; 0x13ae <MDIO_voidSetPortValue+0x8>
    13ae:	cd b7       	in	r28, 0x3d	; 61
    13b0:	de b7       	in	r29, 0x3e	; 62
    13b2:	89 83       	std	Y+1, r24	; 0x01
    13b4:	6a 83       	std	Y+2, r22	; 0x02
	if((A_DIOPORT <= PORTD) )
    13b6:	89 81       	ldd	r24, Y+1	; 0x01
    13b8:	84 30       	cpi	r24, 0x04	; 4
    13ba:	90 f5       	brcc	.+100    	; 0x1420 <MDIO_voidSetPortValue+0x7a>
			{
				switch(A_DIOPORT)
    13bc:	89 81       	ldd	r24, Y+1	; 0x01
    13be:	28 2f       	mov	r18, r24
    13c0:	30 e0       	ldi	r19, 0x00	; 0
    13c2:	3c 83       	std	Y+4, r19	; 0x04
    13c4:	2b 83       	std	Y+3, r18	; 0x03
    13c6:	8b 81       	ldd	r24, Y+3	; 0x03
    13c8:	9c 81       	ldd	r25, Y+4	; 0x04
    13ca:	81 30       	cpi	r24, 0x01	; 1
    13cc:	91 05       	cpc	r25, r1
    13ce:	d1 f0       	breq	.+52     	; 0x1404 <MDIO_voidSetPortValue+0x5e>
    13d0:	2b 81       	ldd	r18, Y+3	; 0x03
    13d2:	3c 81       	ldd	r19, Y+4	; 0x04
    13d4:	22 30       	cpi	r18, 0x02	; 2
    13d6:	31 05       	cpc	r19, r1
    13d8:	2c f4       	brge	.+10     	; 0x13e4 <MDIO_voidSetPortValue+0x3e>
    13da:	8b 81       	ldd	r24, Y+3	; 0x03
    13dc:	9c 81       	ldd	r25, Y+4	; 0x04
    13de:	00 97       	sbiw	r24, 0x00	; 0
    13e0:	61 f0       	breq	.+24     	; 0x13fa <MDIO_voidSetPortValue+0x54>
    13e2:	1e c0       	rjmp	.+60     	; 0x1420 <MDIO_voidSetPortValue+0x7a>
    13e4:	2b 81       	ldd	r18, Y+3	; 0x03
    13e6:	3c 81       	ldd	r19, Y+4	; 0x04
    13e8:	22 30       	cpi	r18, 0x02	; 2
    13ea:	31 05       	cpc	r19, r1
    13ec:	81 f0       	breq	.+32     	; 0x140e <MDIO_voidSetPortValue+0x68>
    13ee:	8b 81       	ldd	r24, Y+3	; 0x03
    13f0:	9c 81       	ldd	r25, Y+4	; 0x04
    13f2:	83 30       	cpi	r24, 0x03	; 3
    13f4:	91 05       	cpc	r25, r1
    13f6:	81 f0       	breq	.+32     	; 0x1418 <MDIO_voidSetPortValue+0x72>
    13f8:	13 c0       	rjmp	.+38     	; 0x1420 <MDIO_voidSetPortValue+0x7a>
					{
						case PORTA: 	SET_BYTE(PORTA_REG,A_u8PortValue);break;
    13fa:	eb e3       	ldi	r30, 0x3B	; 59
    13fc:	f0 e0       	ldi	r31, 0x00	; 0
    13fe:	8a 81       	ldd	r24, Y+2	; 0x02
    1400:	80 83       	st	Z, r24
    1402:	0e c0       	rjmp	.+28     	; 0x1420 <MDIO_voidSetPortValue+0x7a>

						case PORTB:  	SET_BYTE(PORTB_REG,A_u8PortValue);break;
    1404:	e8 e3       	ldi	r30, 0x38	; 56
    1406:	f0 e0       	ldi	r31, 0x00	; 0
    1408:	8a 81       	ldd	r24, Y+2	; 0x02
    140a:	80 83       	st	Z, r24
    140c:	09 c0       	rjmp	.+18     	; 0x1420 <MDIO_voidSetPortValue+0x7a>

						case PORTC:  	SET_BYTE(PORTC_REG,A_u8PortValue);break;
    140e:	e5 e3       	ldi	r30, 0x35	; 53
    1410:	f0 e0       	ldi	r31, 0x00	; 0
    1412:	8a 81       	ldd	r24, Y+2	; 0x02
    1414:	80 83       	st	Z, r24
    1416:	04 c0       	rjmp	.+8      	; 0x1420 <MDIO_voidSetPortValue+0x7a>

						case PORTD: 	SET_BYTE(PORTD_REG,A_u8PortValue);break;
    1418:	e2 e3       	ldi	r30, 0x32	; 50
    141a:	f0 e0       	ldi	r31, 0x00	; 0
    141c:	8a 81       	ldd	r24, Y+2	; 0x02
    141e:	80 83       	st	Z, r24

					default: break;
					}
			}
}
    1420:	0f 90       	pop	r0
    1422:	0f 90       	pop	r0
    1424:	0f 90       	pop	r0
    1426:	0f 90       	pop	r0
    1428:	cf 91       	pop	r28
    142a:	df 91       	pop	r29
    142c:	08 95       	ret

0000142e <MEXTI_voidConfig>:
void (*EXTI1_Callback)(void)=NULL;
void (*EXTI2_Callback)(void)=NULL;


void MEXTI_voidConfig (EXTI_ID A_EXTI_ID, EXTI_SENSE_MODE A_EXTI_SENSE_MODE)
{
    142e:	df 93       	push	r29
    1430:	cf 93       	push	r28
    1432:	00 d0       	rcall	.+0      	; 0x1434 <MEXTI_voidConfig+0x6>
    1434:	00 d0       	rcall	.+0      	; 0x1436 <MEXTI_voidConfig+0x8>
    1436:	00 d0       	rcall	.+0      	; 0x1438 <MEXTI_voidConfig+0xa>
    1438:	cd b7       	in	r28, 0x3d	; 61
    143a:	de b7       	in	r29, 0x3e	; 62
    143c:	89 83       	std	Y+1, r24	; 0x01
    143e:	6a 83       	std	Y+2, r22	; 0x02
	if((A_EXTI_ID <= EXTI2) && (A_EXTI_SENSE_MODE <= RISING_EDGE))
    1440:	89 81       	ldd	r24, Y+1	; 0x01
    1442:	83 30       	cpi	r24, 0x03	; 3
    1444:	08 f0       	brcs	.+2      	; 0x1448 <MEXTI_voidConfig+0x1a>
    1446:	5e c0       	rjmp	.+188    	; 0x1504 <MEXTI_voidConfig+0xd6>
    1448:	8a 81       	ldd	r24, Y+2	; 0x02
    144a:	84 30       	cpi	r24, 0x04	; 4
    144c:	08 f0       	brcs	.+2      	; 0x1450 <MEXTI_voidConfig+0x22>
    144e:	5a c0       	rjmp	.+180    	; 0x1504 <MEXTI_voidConfig+0xd6>
	{
		switch(A_EXTI_ID)
    1450:	89 81       	ldd	r24, Y+1	; 0x01
    1452:	28 2f       	mov	r18, r24
    1454:	30 e0       	ldi	r19, 0x00	; 0
    1456:	3e 83       	std	Y+6, r19	; 0x06
    1458:	2d 83       	std	Y+5, r18	; 0x05
    145a:	8d 81       	ldd	r24, Y+5	; 0x05
    145c:	9e 81       	ldd	r25, Y+6	; 0x06
    145e:	81 30       	cpi	r24, 0x01	; 1
    1460:	91 05       	cpc	r25, r1
    1462:	d1 f0       	breq	.+52     	; 0x1498 <MEXTI_voidConfig+0x6a>
    1464:	2d 81       	ldd	r18, Y+5	; 0x05
    1466:	3e 81       	ldd	r19, Y+6	; 0x06
    1468:	22 30       	cpi	r18, 0x02	; 2
    146a:	31 05       	cpc	r19, r1
    146c:	61 f1       	breq	.+88     	; 0x14c6 <MEXTI_voidConfig+0x98>
    146e:	8d 81       	ldd	r24, Y+5	; 0x05
    1470:	9e 81       	ldd	r25, Y+6	; 0x06
    1472:	00 97       	sbiw	r24, 0x00	; 0
    1474:	09 f0       	breq	.+2      	; 0x1478 <MEXTI_voidConfig+0x4a>
    1476:	46 c0       	rjmp	.+140    	; 0x1504 <MEXTI_voidConfig+0xd6>
		{
		case EXTI0:
			MCUCR &= ~(SENSE_MODE_MASK << EXTI0_SENSE_MODE_BITS);  // magic numbers
    1478:	a5 e5       	ldi	r26, 0x55	; 85
    147a:	b0 e0       	ldi	r27, 0x00	; 0
    147c:	e5 e5       	ldi	r30, 0x55	; 85
    147e:	f0 e0       	ldi	r31, 0x00	; 0
    1480:	80 81       	ld	r24, Z
    1482:	8c 7f       	andi	r24, 0xFC	; 252
    1484:	8c 93       	st	X, r24
			MCUCR |= (A_EXTI_SENSE_MODE << EXTI0_SENSE_MODE_BITS);
    1486:	a5 e5       	ldi	r26, 0x55	; 85
    1488:	b0 e0       	ldi	r27, 0x00	; 0
    148a:	e5 e5       	ldi	r30, 0x55	; 85
    148c:	f0 e0       	ldi	r31, 0x00	; 0
    148e:	90 81       	ld	r25, Z
    1490:	8a 81       	ldd	r24, Y+2	; 0x02
    1492:	89 2b       	or	r24, r25
    1494:	8c 93       	st	X, r24
    1496:	36 c0       	rjmp	.+108    	; 0x1504 <MEXTI_voidConfig+0xd6>
			break;
		case EXTI1:
			MCUCR &= ~(SENSE_MODE_MASK << EXTI1_SENSE_MODE_BITS);  // magic numbers
    1498:	a5 e5       	ldi	r26, 0x55	; 85
    149a:	b0 e0       	ldi	r27, 0x00	; 0
    149c:	e5 e5       	ldi	r30, 0x55	; 85
    149e:	f0 e0       	ldi	r31, 0x00	; 0
    14a0:	80 81       	ld	r24, Z
    14a2:	83 7f       	andi	r24, 0xF3	; 243
    14a4:	8c 93       	st	X, r24
			MCUCR |= (A_EXTI_SENSE_MODE << EXTI1_SENSE_MODE_BITS);
    14a6:	a5 e5       	ldi	r26, 0x55	; 85
    14a8:	b0 e0       	ldi	r27, 0x00	; 0
    14aa:	e5 e5       	ldi	r30, 0x55	; 85
    14ac:	f0 e0       	ldi	r31, 0x00	; 0
    14ae:	80 81       	ld	r24, Z
    14b0:	28 2f       	mov	r18, r24
    14b2:	8a 81       	ldd	r24, Y+2	; 0x02
    14b4:	88 2f       	mov	r24, r24
    14b6:	90 e0       	ldi	r25, 0x00	; 0
    14b8:	88 0f       	add	r24, r24
    14ba:	99 1f       	adc	r25, r25
    14bc:	88 0f       	add	r24, r24
    14be:	99 1f       	adc	r25, r25
    14c0:	82 2b       	or	r24, r18
    14c2:	8c 93       	st	X, r24
    14c4:	1f c0       	rjmp	.+62     	; 0x1504 <MEXTI_voidConfig+0xd6>
			break;
		case EXTI2:
			switch(A_EXTI_SENSE_MODE)
    14c6:	8a 81       	ldd	r24, Y+2	; 0x02
    14c8:	28 2f       	mov	r18, r24
    14ca:	30 e0       	ldi	r19, 0x00	; 0
    14cc:	3c 83       	std	Y+4, r19	; 0x04
    14ce:	2b 83       	std	Y+3, r18	; 0x03
    14d0:	8b 81       	ldd	r24, Y+3	; 0x03
    14d2:	9c 81       	ldd	r25, Y+4	; 0x04
    14d4:	82 30       	cpi	r24, 0x02	; 2
    14d6:	91 05       	cpc	r25, r1
    14d8:	31 f0       	breq	.+12     	; 0x14e6 <MEXTI_voidConfig+0xb8>
    14da:	2b 81       	ldd	r18, Y+3	; 0x03
    14dc:	3c 81       	ldd	r19, Y+4	; 0x04
    14de:	23 30       	cpi	r18, 0x03	; 3
    14e0:	31 05       	cpc	r19, r1
    14e2:	49 f0       	breq	.+18     	; 0x14f6 <MEXTI_voidConfig+0xc8>
    14e4:	0f c0       	rjmp	.+30     	; 0x1504 <MEXTI_voidConfig+0xd6>
			{
			case FALLING_EDGE: CLR_BIT(MCUCR, EXTI2_SENSE_MODE_BITS); break;
    14e6:	a5 e5       	ldi	r26, 0x55	; 85
    14e8:	b0 e0       	ldi	r27, 0x00	; 0
    14ea:	e5 e5       	ldi	r30, 0x55	; 85
    14ec:	f0 e0       	ldi	r31, 0x00	; 0
    14ee:	80 81       	ld	r24, Z
    14f0:	8f 7b       	andi	r24, 0xBF	; 191
    14f2:	8c 93       	st	X, r24
    14f4:	07 c0       	rjmp	.+14     	; 0x1504 <MEXTI_voidConfig+0xd6>
			case RISING_EDGE:  SET_BIT(MCUCR, EXTI2_SENSE_MODE_BITS); break;
    14f6:	a5 e5       	ldi	r26, 0x55	; 85
    14f8:	b0 e0       	ldi	r27, 0x00	; 0
    14fa:	e5 e5       	ldi	r30, 0x55	; 85
    14fc:	f0 e0       	ldi	r31, 0x00	; 0
    14fe:	80 81       	ld	r24, Z
    1500:	80 64       	ori	r24, 0x40	; 64
    1502:	8c 93       	st	X, r24

		}

	}

}
    1504:	26 96       	adiw	r28, 0x06	; 6
    1506:	0f b6       	in	r0, 0x3f	; 63
    1508:	f8 94       	cli
    150a:	de bf       	out	0x3e, r29	; 62
    150c:	0f be       	out	0x3f, r0	; 63
    150e:	cd bf       	out	0x3d, r28	; 61
    1510:	cf 91       	pop	r28
    1512:	df 91       	pop	r29
    1514:	08 95       	ret

00001516 <MEXTI_voidEnable>:

void MEXTI_voidEnable(EXTI_ID A_EXTI_ID)
{
    1516:	df 93       	push	r29
    1518:	cf 93       	push	r28
    151a:	00 d0       	rcall	.+0      	; 0x151c <MEXTI_voidEnable+0x6>
    151c:	0f 92       	push	r0
    151e:	cd b7       	in	r28, 0x3d	; 61
    1520:	de b7       	in	r29, 0x3e	; 62
    1522:	89 83       	std	Y+1, r24	; 0x01
	if(A_EXTI_ID <= EXTI2)
    1524:	89 81       	ldd	r24, Y+1	; 0x01
    1526:	83 30       	cpi	r24, 0x03	; 3
    1528:	50 f5       	brcc	.+84     	; 0x157e <MEXTI_voidEnable+0x68>
	{
		switch(A_EXTI_ID)
    152a:	89 81       	ldd	r24, Y+1	; 0x01
    152c:	28 2f       	mov	r18, r24
    152e:	30 e0       	ldi	r19, 0x00	; 0
    1530:	3b 83       	std	Y+3, r19	; 0x03
    1532:	2a 83       	std	Y+2, r18	; 0x02
    1534:	8a 81       	ldd	r24, Y+2	; 0x02
    1536:	9b 81       	ldd	r25, Y+3	; 0x03
    1538:	81 30       	cpi	r24, 0x01	; 1
    153a:	91 05       	cpc	r25, r1
    153c:	89 f0       	breq	.+34     	; 0x1560 <MEXTI_voidEnable+0x4a>
    153e:	2a 81       	ldd	r18, Y+2	; 0x02
    1540:	3b 81       	ldd	r19, Y+3	; 0x03
    1542:	22 30       	cpi	r18, 0x02	; 2
    1544:	31 05       	cpc	r19, r1
    1546:	a1 f0       	breq	.+40     	; 0x1570 <MEXTI_voidEnable+0x5a>
    1548:	8a 81       	ldd	r24, Y+2	; 0x02
    154a:	9b 81       	ldd	r25, Y+3	; 0x03
    154c:	00 97       	sbiw	r24, 0x00	; 0
    154e:	b9 f4       	brne	.+46     	; 0x157e <MEXTI_voidEnable+0x68>
		{
		 case EXTI0: SET_BIT(GICR,EXTI0_SENSE_MODE_BITS); break;
    1550:	ab e5       	ldi	r26, 0x5B	; 91
    1552:	b0 e0       	ldi	r27, 0x00	; 0
    1554:	eb e5       	ldi	r30, 0x5B	; 91
    1556:	f0 e0       	ldi	r31, 0x00	; 0
    1558:	80 81       	ld	r24, Z
    155a:	81 60       	ori	r24, 0x01	; 1
    155c:	8c 93       	st	X, r24
    155e:	0f c0       	rjmp	.+30     	; 0x157e <MEXTI_voidEnable+0x68>
		 case EXTI1: SET_BIT(GICR,EXTI1_SENSE_MODE_BITS); break;
    1560:	ab e5       	ldi	r26, 0x5B	; 91
    1562:	b0 e0       	ldi	r27, 0x00	; 0
    1564:	eb e5       	ldi	r30, 0x5B	; 91
    1566:	f0 e0       	ldi	r31, 0x00	; 0
    1568:	80 81       	ld	r24, Z
    156a:	84 60       	ori	r24, 0x04	; 4
    156c:	8c 93       	st	X, r24
    156e:	07 c0       	rjmp	.+14     	; 0x157e <MEXTI_voidEnable+0x68>
		 case EXTI2: SET_BIT(GICR,EXTI2_SENSE_MODE_BITS); break;
    1570:	ab e5       	ldi	r26, 0x5B	; 91
    1572:	b0 e0       	ldi	r27, 0x00	; 0
    1574:	eb e5       	ldi	r30, 0x5B	; 91
    1576:	f0 e0       	ldi	r31, 0x00	; 0
    1578:	80 81       	ld	r24, Z
    157a:	80 64       	ori	r24, 0x40	; 64
    157c:	8c 93       	st	X, r24
		}
	}
}
    157e:	0f 90       	pop	r0
    1580:	0f 90       	pop	r0
    1582:	0f 90       	pop	r0
    1584:	cf 91       	pop	r28
    1586:	df 91       	pop	r29
    1588:	08 95       	ret

0000158a <MEXTI_voidDisable>:

void MEXTI_voidDisable(EXTI_ID A_EXTI_ID)
{
    158a:	df 93       	push	r29
    158c:	cf 93       	push	r28
    158e:	0f 92       	push	r0
    1590:	cd b7       	in	r28, 0x3d	; 61
    1592:	de b7       	in	r29, 0x3e	; 62
    1594:	89 83       	std	Y+1, r24	; 0x01

}
    1596:	0f 90       	pop	r0
    1598:	cf 91       	pop	r28
    159a:	df 91       	pop	r29
    159c:	08 95       	ret

0000159e <MEXTI_voidClearFlag>:
void MEXTI_voidClearFlag (EXTI_ID A_EXTI_ID)
{
    159e:	df 93       	push	r29
    15a0:	cf 93       	push	r28
    15a2:	0f 92       	push	r0
    15a4:	cd b7       	in	r28, 0x3d	; 61
    15a6:	de b7       	in	r29, 0x3e	; 62
    15a8:	89 83       	std	Y+1, r24	; 0x01
   // we clear the flag by setting the flag to 1
}
    15aa:	0f 90       	pop	r0
    15ac:	cf 91       	pop	r28
    15ae:	df 91       	pop	r29
    15b0:	08 95       	ret

000015b2 <MEXTI_voidSetCallBack>:


void MEXTI_voidSetCallBack (EXTI_ID A_EXTI_ID, void(*ptrToFunc)(void))
{
    15b2:	df 93       	push	r29
    15b4:	cf 93       	push	r28
    15b6:	00 d0       	rcall	.+0      	; 0x15b8 <MEXTI_voidSetCallBack+0x6>
    15b8:	00 d0       	rcall	.+0      	; 0x15ba <MEXTI_voidSetCallBack+0x8>
    15ba:	0f 92       	push	r0
    15bc:	cd b7       	in	r28, 0x3d	; 61
    15be:	de b7       	in	r29, 0x3e	; 62
    15c0:	89 83       	std	Y+1, r24	; 0x01
    15c2:	7b 83       	std	Y+3, r23	; 0x03
    15c4:	6a 83       	std	Y+2, r22	; 0x02
	if((A_EXTI_ID <= EXTI2) && (ptrToFunc!= NULL))
    15c6:	89 81       	ldd	r24, Y+1	; 0x01
    15c8:	83 30       	cpi	r24, 0x03	; 3
    15ca:	58 f5       	brcc	.+86     	; 0x1622 <MEXTI_voidSetCallBack+0x70>
    15cc:	8a 81       	ldd	r24, Y+2	; 0x02
    15ce:	9b 81       	ldd	r25, Y+3	; 0x03
    15d0:	00 97       	sbiw	r24, 0x00	; 0
    15d2:	39 f1       	breq	.+78     	; 0x1622 <MEXTI_voidSetCallBack+0x70>
	{
			switch(A_EXTI_ID)
    15d4:	89 81       	ldd	r24, Y+1	; 0x01
    15d6:	28 2f       	mov	r18, r24
    15d8:	30 e0       	ldi	r19, 0x00	; 0
    15da:	3d 83       	std	Y+5, r19	; 0x05
    15dc:	2c 83       	std	Y+4, r18	; 0x04
    15de:	8c 81       	ldd	r24, Y+4	; 0x04
    15e0:	9d 81       	ldd	r25, Y+5	; 0x05
    15e2:	81 30       	cpi	r24, 0x01	; 1
    15e4:	91 05       	cpc	r25, r1
    15e6:	81 f0       	breq	.+32     	; 0x1608 <MEXTI_voidSetCallBack+0x56>
    15e8:	2c 81       	ldd	r18, Y+4	; 0x04
    15ea:	3d 81       	ldd	r19, Y+5	; 0x05
    15ec:	22 30       	cpi	r18, 0x02	; 2
    15ee:	31 05       	cpc	r19, r1
    15f0:	91 f0       	breq	.+36     	; 0x1616 <MEXTI_voidSetCallBack+0x64>
    15f2:	8c 81       	ldd	r24, Y+4	; 0x04
    15f4:	9d 81       	ldd	r25, Y+5	; 0x05
    15f6:	00 97       	sbiw	r24, 0x00	; 0
    15f8:	a1 f4       	brne	.+40     	; 0x1622 <MEXTI_voidSetCallBack+0x70>
			{
			 case EXTI0: EXTI0_Callback=ptrToFunc; break;
    15fa:	8a 81       	ldd	r24, Y+2	; 0x02
    15fc:	9b 81       	ldd	r25, Y+3	; 0x03
    15fe:	90 93 81 00 	sts	0x0081, r25
    1602:	80 93 80 00 	sts	0x0080, r24
    1606:	0d c0       	rjmp	.+26     	; 0x1622 <MEXTI_voidSetCallBack+0x70>
			 case EXTI1: EXTI1_Callback=ptrToFunc; break;
    1608:	8a 81       	ldd	r24, Y+2	; 0x02
    160a:	9b 81       	ldd	r25, Y+3	; 0x03
    160c:	90 93 83 00 	sts	0x0083, r25
    1610:	80 93 82 00 	sts	0x0082, r24
    1614:	06 c0       	rjmp	.+12     	; 0x1622 <MEXTI_voidSetCallBack+0x70>
			 case EXTI2: EXTI2_Callback=ptrToFunc; break;
    1616:	8a 81       	ldd	r24, Y+2	; 0x02
    1618:	9b 81       	ldd	r25, Y+3	; 0x03
    161a:	90 93 85 00 	sts	0x0085, r25
    161e:	80 93 84 00 	sts	0x0084, r24
			}
	}
}
    1622:	0f 90       	pop	r0
    1624:	0f 90       	pop	r0
    1626:	0f 90       	pop	r0
    1628:	0f 90       	pop	r0
    162a:	0f 90       	pop	r0
    162c:	cf 91       	pop	r28
    162e:	df 91       	pop	r29
    1630:	08 95       	ret

00001632 <__vector_1>:


void __vector_1(void) __attribute__((signal));
void __vector_1(void)
{
    1632:	1f 92       	push	r1
    1634:	0f 92       	push	r0
    1636:	0f b6       	in	r0, 0x3f	; 63
    1638:	0f 92       	push	r0
    163a:	11 24       	eor	r1, r1
    163c:	2f 93       	push	r18
    163e:	3f 93       	push	r19
    1640:	4f 93       	push	r20
    1642:	5f 93       	push	r21
    1644:	6f 93       	push	r22
    1646:	7f 93       	push	r23
    1648:	8f 93       	push	r24
    164a:	9f 93       	push	r25
    164c:	af 93       	push	r26
    164e:	bf 93       	push	r27
    1650:	ef 93       	push	r30
    1652:	ff 93       	push	r31
    1654:	df 93       	push	r29
    1656:	cf 93       	push	r28
    1658:	cd b7       	in	r28, 0x3d	; 61
    165a:	de b7       	in	r29, 0x3e	; 62
	if(EXTI0_Callback != NULL)
    165c:	80 91 80 00 	lds	r24, 0x0080
    1660:	90 91 81 00 	lds	r25, 0x0081
    1664:	00 97       	sbiw	r24, 0x00	; 0
    1666:	29 f0       	breq	.+10     	; 0x1672 <__vector_1+0x40>
	{
		EXTI0_Callback();
    1668:	e0 91 80 00 	lds	r30, 0x0080
    166c:	f0 91 81 00 	lds	r31, 0x0081
    1670:	09 95       	icall
	}
}
    1672:	cf 91       	pop	r28
    1674:	df 91       	pop	r29
    1676:	ff 91       	pop	r31
    1678:	ef 91       	pop	r30
    167a:	bf 91       	pop	r27
    167c:	af 91       	pop	r26
    167e:	9f 91       	pop	r25
    1680:	8f 91       	pop	r24
    1682:	7f 91       	pop	r23
    1684:	6f 91       	pop	r22
    1686:	5f 91       	pop	r21
    1688:	4f 91       	pop	r20
    168a:	3f 91       	pop	r19
    168c:	2f 91       	pop	r18
    168e:	0f 90       	pop	r0
    1690:	0f be       	out	0x3f, r0	; 63
    1692:	0f 90       	pop	r0
    1694:	1f 90       	pop	r1
    1696:	18 95       	reti

00001698 <__vector_2>:

void __vector_2(void) __attribute__((signal));
void __vector_2(void)
{
    1698:	1f 92       	push	r1
    169a:	0f 92       	push	r0
    169c:	0f b6       	in	r0, 0x3f	; 63
    169e:	0f 92       	push	r0
    16a0:	11 24       	eor	r1, r1
    16a2:	2f 93       	push	r18
    16a4:	3f 93       	push	r19
    16a6:	4f 93       	push	r20
    16a8:	5f 93       	push	r21
    16aa:	6f 93       	push	r22
    16ac:	7f 93       	push	r23
    16ae:	8f 93       	push	r24
    16b0:	9f 93       	push	r25
    16b2:	af 93       	push	r26
    16b4:	bf 93       	push	r27
    16b6:	ef 93       	push	r30
    16b8:	ff 93       	push	r31
    16ba:	df 93       	push	r29
    16bc:	cf 93       	push	r28
    16be:	cd b7       	in	r28, 0x3d	; 61
    16c0:	de b7       	in	r29, 0x3e	; 62
	if(EXTI1_Callback != NULL)
    16c2:	80 91 82 00 	lds	r24, 0x0082
    16c6:	90 91 83 00 	lds	r25, 0x0083
    16ca:	00 97       	sbiw	r24, 0x00	; 0
    16cc:	29 f0       	breq	.+10     	; 0x16d8 <__vector_2+0x40>
	{
		EXTI1_Callback();
    16ce:	e0 91 82 00 	lds	r30, 0x0082
    16d2:	f0 91 83 00 	lds	r31, 0x0083
    16d6:	09 95       	icall
	}
}
    16d8:	cf 91       	pop	r28
    16da:	df 91       	pop	r29
    16dc:	ff 91       	pop	r31
    16de:	ef 91       	pop	r30
    16e0:	bf 91       	pop	r27
    16e2:	af 91       	pop	r26
    16e4:	9f 91       	pop	r25
    16e6:	8f 91       	pop	r24
    16e8:	7f 91       	pop	r23
    16ea:	6f 91       	pop	r22
    16ec:	5f 91       	pop	r21
    16ee:	4f 91       	pop	r20
    16f0:	3f 91       	pop	r19
    16f2:	2f 91       	pop	r18
    16f4:	0f 90       	pop	r0
    16f6:	0f be       	out	0x3f, r0	; 63
    16f8:	0f 90       	pop	r0
    16fa:	1f 90       	pop	r1
    16fc:	18 95       	reti

000016fe <__vector_3>:

void __vector_3(void) __attribute__((signal));
void __vector_3(void)
{
    16fe:	1f 92       	push	r1
    1700:	0f 92       	push	r0
    1702:	0f b6       	in	r0, 0x3f	; 63
    1704:	0f 92       	push	r0
    1706:	11 24       	eor	r1, r1
    1708:	2f 93       	push	r18
    170a:	3f 93       	push	r19
    170c:	4f 93       	push	r20
    170e:	5f 93       	push	r21
    1710:	6f 93       	push	r22
    1712:	7f 93       	push	r23
    1714:	8f 93       	push	r24
    1716:	9f 93       	push	r25
    1718:	af 93       	push	r26
    171a:	bf 93       	push	r27
    171c:	ef 93       	push	r30
    171e:	ff 93       	push	r31
    1720:	df 93       	push	r29
    1722:	cf 93       	push	r28
    1724:	cd b7       	in	r28, 0x3d	; 61
    1726:	de b7       	in	r29, 0x3e	; 62
	if(EXTI2_Callback != NULL)
    1728:	80 91 84 00 	lds	r24, 0x0084
    172c:	90 91 85 00 	lds	r25, 0x0085
    1730:	00 97       	sbiw	r24, 0x00	; 0
    1732:	29 f0       	breq	.+10     	; 0x173e <__vector_3+0x40>
	{
		EXTI2_Callback();
    1734:	e0 91 84 00 	lds	r30, 0x0084
    1738:	f0 91 85 00 	lds	r31, 0x0085
    173c:	09 95       	icall
	}
}
    173e:	cf 91       	pop	r28
    1740:	df 91       	pop	r29
    1742:	ff 91       	pop	r31
    1744:	ef 91       	pop	r30
    1746:	bf 91       	pop	r27
    1748:	af 91       	pop	r26
    174a:	9f 91       	pop	r25
    174c:	8f 91       	pop	r24
    174e:	7f 91       	pop	r23
    1750:	6f 91       	pop	r22
    1752:	5f 91       	pop	r21
    1754:	4f 91       	pop	r20
    1756:	3f 91       	pop	r19
    1758:	2f 91       	pop	r18
    175a:	0f 90       	pop	r0
    175c:	0f be       	out	0x3f, r0	; 63
    175e:	0f 90       	pop	r0
    1760:	1f 90       	pop	r1
    1762:	18 95       	reti

00001764 <MGI_voidEnable>:
#include "../INCLUDE/MCAL/GI/GI_PRIVATE.h"
#include "../INCLUDE/MCAL/GI/GI_INTERFACE.h"
#include "../INCLUDE/MCAL/GI/GI_CFG.h"

void MGI_voidEnable(void)
{
    1764:	df 93       	push	r29
    1766:	cf 93       	push	r28
    1768:	cd b7       	in	r28, 0x3d	; 61
    176a:	de b7       	in	r29, 0x3e	; 62
	SET_BIT(SREG,GLOBAL_INTERRUPT_ENABLE_BIT);
    176c:	af e5       	ldi	r26, 0x5F	; 95
    176e:	b0 e0       	ldi	r27, 0x00	; 0
    1770:	ef e5       	ldi	r30, 0x5F	; 95
    1772:	f0 e0       	ldi	r31, 0x00	; 0
    1774:	80 81       	ld	r24, Z
    1776:	80 68       	ori	r24, 0x80	; 128
    1778:	8c 93       	st	X, r24
}
    177a:	cf 91       	pop	r28
    177c:	df 91       	pop	r29
    177e:	08 95       	ret

00001780 <MGI_voidDisable>:

void MGI_voidDisable(void)
{
    1780:	df 93       	push	r29
    1782:	cf 93       	push	r28
    1784:	cd b7       	in	r28, 0x3d	; 61
    1786:	de b7       	in	r29, 0x3e	; 62
	SET_BIT(SREG,GLOBAL_INTERRUPT_ENABLE_BIT);
    1788:	af e5       	ldi	r26, 0x5F	; 95
    178a:	b0 e0       	ldi	r27, 0x00	; 0
    178c:	ef e5       	ldi	r30, 0x5F	; 95
    178e:	f0 e0       	ldi	r31, 0x00	; 0
    1790:	80 81       	ld	r24, Z
    1792:	80 68       	ori	r24, 0x80	; 128
    1794:	8c 93       	st	X, r24
}
    1796:	cf 91       	pop	r28
    1798:	df 91       	pop	r29
    179a:	08 95       	ret

0000179c <HKEYPAD_u8GetPressedKey>:

u8 static G_u8ArrofRows[ROW_NO]= KEYPAD_ROWS;
u8 static G_u8ArrofCols[COL_NO]= KEYPAD_COLS;

u8 HKEYPAD_u8GetPressedKey(void)
{
    179c:	df 93       	push	r29
    179e:	cf 93       	push	r28
    17a0:	cd b7       	in	r28, 0x3d	; 61
    17a2:	de b7       	in	r29, 0x3e	; 62
    17a4:	63 97       	sbiw	r28, 0x13	; 19
    17a6:	0f b6       	in	r0, 0x3f	; 63
    17a8:	f8 94       	cli
    17aa:	de bf       	out	0x3e, r29	; 62
    17ac:	0f be       	out	0x3f, r0	; 63
    17ae:	cd bf       	out	0x3d, r28	; 61

		u8 L_u8KeyValue= KEY_NOT_PRESSED;
    17b0:	81 e0       	ldi	r24, 0x01	; 1
    17b2:	8b 8b       	std	Y+19, r24	; 0x13
		u8 L_u8RowCounter=0, L_u8ColCounter=0, L_u8PinValue=0, L_u8Flag= Flag_DOWN;
    17b4:	1a 8a       	std	Y+18, r1	; 0x12
    17b6:	19 8a       	std	Y+17, r1	; 0x11
    17b8:	18 8a       	std	Y+16, r1	; 0x10
    17ba:	1f 86       	std	Y+15, r1	; 0x0f

		for(L_u8RowCounter=0; L_u8RowCounter<ROW_NO ; L_u8RowCounter++ )
    17bc:	1a 8a       	std	Y+18, r1	; 0x12
    17be:	dd c0       	rjmp	.+442    	; 0x197a <HKEYPAD_u8GetPressedKey+0x1de>
		{
			L_u8PinValue = MDIO_PinstatusGetPinValue(KEYPAD_PORT, G_u8ArrofRows[L_u8RowCounter]);
    17c0:	8a 89       	ldd	r24, Y+18	; 0x12
    17c2:	88 2f       	mov	r24, r24
    17c4:	90 e0       	ldi	r25, 0x00	; 0
    17c6:	fc 01       	movw	r30, r24
    17c8:	e8 59       	subi	r30, 0x98	; 152
    17ca:	ff 4f       	sbci	r31, 0xFF	; 255
    17cc:	90 81       	ld	r25, Z
    17ce:	81 e0       	ldi	r24, 0x01	; 1
    17d0:	69 2f       	mov	r22, r25
    17d2:	0e 94 0e 09 	call	0x121c	; 0x121c <MDIO_PinstatusGetPinValue>
    17d6:	88 8b       	std	Y+16, r24	; 0x10

			for(L_u8ColCounter=0; L_u8ColCounter<COL_NO; L_u8ColCounter++)
    17d8:	19 8a       	std	Y+17, r1	; 0x11
    17da:	b9 c0       	rjmp	.+370    	; 0x194e <HKEYPAD_u8GetPressedKey+0x1b2>
			{
				L_u8PinValue = MDIO_PinstatusGetPinValue(KEYPAD_PORT, G_u8ArrofCols[L_u8ColCounter]);
    17dc:	89 89       	ldd	r24, Y+17	; 0x11
    17de:	88 2f       	mov	r24, r24
    17e0:	90 e0       	ldi	r25, 0x00	; 0
    17e2:	fc 01       	movw	r30, r24
    17e4:	e4 59       	subi	r30, 0x94	; 148
    17e6:	ff 4f       	sbci	r31, 0xFF	; 255
    17e8:	90 81       	ld	r25, Z
    17ea:	81 e0       	ldi	r24, 0x01	; 1
    17ec:	69 2f       	mov	r22, r25
    17ee:	0e 94 0e 09 	call	0x121c	; 0x121c <MDIO_PinstatusGetPinValue>
    17f2:	88 8b       	std	Y+16, r24	; 0x10

				if(L_u8PinValue==KEYPAD_PRESSED)
    17f4:	88 89       	ldd	r24, Y+16	; 0x10
    17f6:	88 23       	and	r24, r24
    17f8:	09 f0       	breq	.+2      	; 0x17fc <HKEYPAD_u8GetPressedKey+0x60>
    17fa:	a6 c0       	rjmp	.+332    	; 0x1948 <HKEYPAD_u8GetPressedKey+0x1ac>
    17fc:	80 e0       	ldi	r24, 0x00	; 0
    17fe:	90 e0       	ldi	r25, 0x00	; 0
    1800:	a0 ef       	ldi	r26, 0xF0	; 240
    1802:	b1 e4       	ldi	r27, 0x41	; 65
    1804:	8b 87       	std	Y+11, r24	; 0x0b
    1806:	9c 87       	std	Y+12, r25	; 0x0c
    1808:	ad 87       	std	Y+13, r26	; 0x0d
    180a:	be 87       	std	Y+14, r27	; 0x0e
 */
void
_delay_ms(double __ms)
{
	uint16_t __ticks;
	double __tmp = ((F_CPU) / 4e3) * __ms;
    180c:	6b 85       	ldd	r22, Y+11	; 0x0b
    180e:	7c 85       	ldd	r23, Y+12	; 0x0c
    1810:	8d 85       	ldd	r24, Y+13	; 0x0d
    1812:	9e 85       	ldd	r25, Y+14	; 0x0e
    1814:	20 e0       	ldi	r18, 0x00	; 0
    1816:	30 e0       	ldi	r19, 0x00	; 0
    1818:	4a ef       	ldi	r20, 0xFA	; 250
    181a:	54 e4       	ldi	r21, 0x44	; 68
    181c:	0e 94 1f 02 	call	0x43e	; 0x43e <__mulsf3>
    1820:	dc 01       	movw	r26, r24
    1822:	cb 01       	movw	r24, r22
    1824:	8f 83       	std	Y+7, r24	; 0x07
    1826:	98 87       	std	Y+8, r25	; 0x08
    1828:	a9 87       	std	Y+9, r26	; 0x09
    182a:	ba 87       	std	Y+10, r27	; 0x0a
	if (__tmp < 1.0)
    182c:	6f 81       	ldd	r22, Y+7	; 0x07
    182e:	78 85       	ldd	r23, Y+8	; 0x08
    1830:	89 85       	ldd	r24, Y+9	; 0x09
    1832:	9a 85       	ldd	r25, Y+10	; 0x0a
    1834:	20 e0       	ldi	r18, 0x00	; 0
    1836:	30 e0       	ldi	r19, 0x00	; 0
    1838:	40 e8       	ldi	r20, 0x80	; 128
    183a:	5f e3       	ldi	r21, 0x3F	; 63
    183c:	0e 94 79 03 	call	0x6f2	; 0x6f2 <__ltsf2>
    1840:	88 23       	and	r24, r24
    1842:	2c f4       	brge	.+10     	; 0x184e <HKEYPAD_u8GetPressedKey+0xb2>
		__ticks = 1;
    1844:	81 e0       	ldi	r24, 0x01	; 1
    1846:	90 e0       	ldi	r25, 0x00	; 0
    1848:	9e 83       	std	Y+6, r25	; 0x06
    184a:	8d 83       	std	Y+5, r24	; 0x05
    184c:	3f c0       	rjmp	.+126    	; 0x18cc <HKEYPAD_u8GetPressedKey+0x130>
	else if (__tmp > 65535)
    184e:	6f 81       	ldd	r22, Y+7	; 0x07
    1850:	78 85       	ldd	r23, Y+8	; 0x08
    1852:	89 85       	ldd	r24, Y+9	; 0x09
    1854:	9a 85       	ldd	r25, Y+10	; 0x0a
    1856:	20 e0       	ldi	r18, 0x00	; 0
    1858:	3f ef       	ldi	r19, 0xFF	; 255
    185a:	4f e7       	ldi	r20, 0x7F	; 127
    185c:	57 e4       	ldi	r21, 0x47	; 71
    185e:	0e 94 19 03 	call	0x632	; 0x632 <__gtsf2>
    1862:	18 16       	cp	r1, r24
    1864:	4c f5       	brge	.+82     	; 0x18b8 <HKEYPAD_u8GetPressedKey+0x11c>
	{
		//	__ticks = requested delay in 1/10 ms
		__ticks = (uint16_t) (__ms * 10.0);
    1866:	6b 85       	ldd	r22, Y+11	; 0x0b
    1868:	7c 85       	ldd	r23, Y+12	; 0x0c
    186a:	8d 85       	ldd	r24, Y+13	; 0x0d
    186c:	9e 85       	ldd	r25, Y+14	; 0x0e
    186e:	20 e0       	ldi	r18, 0x00	; 0
    1870:	30 e0       	ldi	r19, 0x00	; 0
    1872:	40 e2       	ldi	r20, 0x20	; 32
    1874:	51 e4       	ldi	r21, 0x41	; 65
    1876:	0e 94 1f 02 	call	0x43e	; 0x43e <__mulsf3>
    187a:	dc 01       	movw	r26, r24
    187c:	cb 01       	movw	r24, r22
    187e:	bc 01       	movw	r22, r24
    1880:	cd 01       	movw	r24, r26
    1882:	0e 94 49 00 	call	0x92	; 0x92 <__fixunssfsi>
    1886:	dc 01       	movw	r26, r24
    1888:	cb 01       	movw	r24, r22
    188a:	9e 83       	std	Y+6, r25	; 0x06
    188c:	8d 83       	std	Y+5, r24	; 0x05
    188e:	0f c0       	rjmp	.+30     	; 0x18ae <HKEYPAD_u8GetPressedKey+0x112>
    1890:	88 ec       	ldi	r24, 0xC8	; 200
    1892:	90 e0       	ldi	r25, 0x00	; 0
    1894:	9c 83       	std	Y+4, r25	; 0x04
    1896:	8b 83       	std	Y+3, r24	; 0x03
    milliseconds can be achieved.
 */
void
_delay_loop_2(uint16_t __count)
{
	__asm__ volatile (
    1898:	8b 81       	ldd	r24, Y+3	; 0x03
    189a:	9c 81       	ldd	r25, Y+4	; 0x04
    189c:	01 97       	sbiw	r24, 0x01	; 1
    189e:	f1 f7       	brne	.-4      	; 0x189c <HKEYPAD_u8GetPressedKey+0x100>
    18a0:	9c 83       	std	Y+4, r25	; 0x04
    18a2:	8b 83       	std	Y+3, r24	; 0x03
		while(__ticks)
		{
			// wait 1/10 ms
			_delay_loop_2(((F_CPU) / 4e3) / 10);
			__ticks --;
    18a4:	8d 81       	ldd	r24, Y+5	; 0x05
    18a6:	9e 81       	ldd	r25, Y+6	; 0x06
    18a8:	01 97       	sbiw	r24, 0x01	; 1
    18aa:	9e 83       	std	Y+6, r25	; 0x06
    18ac:	8d 83       	std	Y+5, r24	; 0x05
		__ticks = 1;
	else if (__tmp > 65535)
	{
		//	__ticks = requested delay in 1/10 ms
		__ticks = (uint16_t) (__ms * 10.0);
		while(__ticks)
    18ae:	8d 81       	ldd	r24, Y+5	; 0x05
    18b0:	9e 81       	ldd	r25, Y+6	; 0x06
    18b2:	00 97       	sbiw	r24, 0x00	; 0
    18b4:	69 f7       	brne	.-38     	; 0x1890 <HKEYPAD_u8GetPressedKey+0xf4>
    18b6:	14 c0       	rjmp	.+40     	; 0x18e0 <HKEYPAD_u8GetPressedKey+0x144>
			__ticks --;
		}
		return;
	}
	else
		__ticks = (uint16_t)__tmp;
    18b8:	6f 81       	ldd	r22, Y+7	; 0x07
    18ba:	78 85       	ldd	r23, Y+8	; 0x08
    18bc:	89 85       	ldd	r24, Y+9	; 0x09
    18be:	9a 85       	ldd	r25, Y+10	; 0x0a
    18c0:	0e 94 49 00 	call	0x92	; 0x92 <__fixunssfsi>
    18c4:	dc 01       	movw	r26, r24
    18c6:	cb 01       	movw	r24, r22
    18c8:	9e 83       	std	Y+6, r25	; 0x06
    18ca:	8d 83       	std	Y+5, r24	; 0x05
    18cc:	8d 81       	ldd	r24, Y+5	; 0x05
    18ce:	9e 81       	ldd	r25, Y+6	; 0x06
    18d0:	9a 83       	std	Y+2, r25	; 0x02
    18d2:	89 83       	std	Y+1, r24	; 0x01
    18d4:	89 81       	ldd	r24, Y+1	; 0x01
    18d6:	9a 81       	ldd	r25, Y+2	; 0x02
    18d8:	01 97       	sbiw	r24, 0x01	; 1
    18da:	f1 f7       	brne	.-4      	; 0x18d8 <HKEYPAD_u8GetPressedKey+0x13c>
    18dc:	9a 83       	std	Y+2, r25	; 0x02
    18de:	89 83       	std	Y+1, r24	; 0x01
				{
				   _delay_ms(KEYPAD_DEBOUNCE_DELAY);
				   L_u8PinValue = MDIO_PinstatusGetPinValue(KEYPAD_PORT, G_u8ArrofCols[L_u8ColCounter]);
    18e0:	89 89       	ldd	r24, Y+17	; 0x11
    18e2:	88 2f       	mov	r24, r24
    18e4:	90 e0       	ldi	r25, 0x00	; 0
    18e6:	fc 01       	movw	r30, r24
    18e8:	e4 59       	subi	r30, 0x94	; 148
    18ea:	ff 4f       	sbci	r31, 0xFF	; 255
    18ec:	90 81       	ld	r25, Z
    18ee:	81 e0       	ldi	r24, 0x01	; 1
    18f0:	69 2f       	mov	r22, r25
    18f2:	0e 94 0e 09 	call	0x121c	; 0x121c <MDIO_PinstatusGetPinValue>
    18f6:	88 8b       	std	Y+16, r24	; 0x10

				   if(L_u8PinValue==KEYPAD_PRESSED)
    18f8:	88 89       	ldd	r24, Y+16	; 0x10
    18fa:	88 23       	and	r24, r24
    18fc:	29 f5       	brne	.+74     	; 0x1948 <HKEYPAD_u8GetPressedKey+0x1ac>
    18fe:	0c c0       	rjmp	.+24     	; 0x1918 <HKEYPAD_u8GetPressedKey+0x17c>
				   {
					   while(L_u8PinValue==KEYPAD_PRESSED)
					   {
						   L_u8PinValue= MDIO_PinstatusGetPinValue(KEYPAD_PORT, G_u8ArrofCols[L_u8ColCounter]);
    1900:	89 89       	ldd	r24, Y+17	; 0x11
    1902:	88 2f       	mov	r24, r24
    1904:	90 e0       	ldi	r25, 0x00	; 0
    1906:	fc 01       	movw	r30, r24
    1908:	e4 59       	subi	r30, 0x94	; 148
    190a:	ff 4f       	sbci	r31, 0xFF	; 255
    190c:	90 81       	ld	r25, Z
    190e:	81 e0       	ldi	r24, 0x01	; 1
    1910:	69 2f       	mov	r22, r25
    1912:	0e 94 0e 09 	call	0x121c	; 0x121c <MDIO_PinstatusGetPinValue>
    1916:	88 8b       	std	Y+16, r24	; 0x10
				   _delay_ms(KEYPAD_DEBOUNCE_DELAY);
				   L_u8PinValue = MDIO_PinstatusGetPinValue(KEYPAD_PORT, G_u8ArrofCols[L_u8ColCounter]);

				   if(L_u8PinValue==KEYPAD_PRESSED)
				   {
					   while(L_u8PinValue==KEYPAD_PRESSED)
    1918:	88 89       	ldd	r24, Y+16	; 0x10
    191a:	88 23       	and	r24, r24
    191c:	89 f3       	breq	.-30     	; 0x1900 <HKEYPAD_u8GetPressedKey+0x164>
					   {
						   L_u8PinValue= MDIO_PinstatusGetPinValue(KEYPAD_PORT, G_u8ArrofCols[L_u8ColCounter]);
					   }
					   L_u8KeyValue= Global_u8ArrOfKeyValues[L_u8RowCounter][L_u8ColCounter];
    191e:	8a 89       	ldd	r24, Y+18	; 0x12
    1920:	48 2f       	mov	r20, r24
    1922:	50 e0       	ldi	r21, 0x00	; 0
    1924:	89 89       	ldd	r24, Y+17	; 0x11
    1926:	28 2f       	mov	r18, r24
    1928:	30 e0       	ldi	r19, 0x00	; 0
    192a:	ca 01       	movw	r24, r20
    192c:	88 0f       	add	r24, r24
    192e:	99 1f       	adc	r25, r25
    1930:	88 0f       	add	r24, r24
    1932:	99 1f       	adc	r25, r25
    1934:	82 0f       	add	r24, r18
    1936:	93 1f       	adc	r25, r19
    1938:	fc 01       	movw	r30, r24
    193a:	e0 59       	subi	r30, 0x90	; 144
    193c:	ff 4f       	sbci	r31, 0xFF	; 255
    193e:	80 81       	ld	r24, Z
    1940:	8b 8b       	std	Y+19, r24	; 0x13
					   L_u8Flag=Flag_UP;
    1942:	81 e0       	ldi	r24, 0x01	; 1
    1944:	8f 87       	std	Y+15, r24	; 0x0f
    1946:	07 c0       	rjmp	.+14     	; 0x1956 <HKEYPAD_u8GetPressedKey+0x1ba>

		for(L_u8RowCounter=0; L_u8RowCounter<ROW_NO ; L_u8RowCounter++ )
		{
			L_u8PinValue = MDIO_PinstatusGetPinValue(KEYPAD_PORT, G_u8ArrofRows[L_u8RowCounter]);

			for(L_u8ColCounter=0; L_u8ColCounter<COL_NO; L_u8ColCounter++)
    1948:	89 89       	ldd	r24, Y+17	; 0x11
    194a:	8f 5f       	subi	r24, 0xFF	; 255
    194c:	89 8b       	std	Y+17, r24	; 0x11
    194e:	89 89       	ldd	r24, Y+17	; 0x11
    1950:	84 30       	cpi	r24, 0x04	; 4
    1952:	08 f4       	brcc	.+2      	; 0x1956 <HKEYPAD_u8GetPressedKey+0x1ba>
    1954:	43 cf       	rjmp	.-378    	; 0x17dc <HKEYPAD_u8GetPressedKey+0x40>
					   L_u8Flag=Flag_UP;
					   break;
				   }
				}
			} // loop with Columns
		MDIO_voidSetPinValue(KEYPAD_PORT, G_u8ArrofRows[L_u8RowCounter],DIO_HIGH);
    1956:	8a 89       	ldd	r24, Y+18	; 0x12
    1958:	88 2f       	mov	r24, r24
    195a:	90 e0       	ldi	r25, 0x00	; 0
    195c:	fc 01       	movw	r30, r24
    195e:	e8 59       	subi	r30, 0x98	; 152
    1960:	ff 4f       	sbci	r31, 0xFF	; 255
    1962:	90 81       	ld	r25, Z
    1964:	81 e0       	ldi	r24, 0x01	; 1
    1966:	69 2f       	mov	r22, r25
    1968:	41 e0       	ldi	r20, 0x01	; 1
    196a:	0e 94 67 07 	call	0xece	; 0xece <MDIO_voidSetPinValue>
		if(L_u8Flag==Flag_UP)
    196e:	8f 85       	ldd	r24, Y+15	; 0x0f
    1970:	81 30       	cpi	r24, 0x01	; 1
    1972:	39 f0       	breq	.+14     	; 0x1982 <HKEYPAD_u8GetPressedKey+0x1e6>
{

		u8 L_u8KeyValue= KEY_NOT_PRESSED;
		u8 L_u8RowCounter=0, L_u8ColCounter=0, L_u8PinValue=0, L_u8Flag= Flag_DOWN;

		for(L_u8RowCounter=0; L_u8RowCounter<ROW_NO ; L_u8RowCounter++ )
    1974:	8a 89       	ldd	r24, Y+18	; 0x12
    1976:	8f 5f       	subi	r24, 0xFF	; 255
    1978:	8a 8b       	std	Y+18, r24	; 0x12
    197a:	8a 89       	ldd	r24, Y+18	; 0x12
    197c:	84 30       	cpi	r24, 0x04	; 4
    197e:	08 f4       	brcc	.+2      	; 0x1982 <HKEYPAD_u8GetPressedKey+0x1e6>
    1980:	1f cf       	rjmp	.-450    	; 0x17c0 <HKEYPAD_u8GetPressedKey+0x24>
		}



		}
	return L_u8KeyValue;
    1982:	8b 89       	ldd	r24, Y+19	; 0x13
}
    1984:	63 96       	adiw	r28, 0x13	; 19
    1986:	0f b6       	in	r0, 0x3f	; 63
    1988:	f8 94       	cli
    198a:	de bf       	out	0x3e, r29	; 62
    198c:	0f be       	out	0x3f, r0	; 63
    198e:	cd bf       	out	0x3d, r28	; 61
    1990:	cf 91       	pop	r28
    1992:	df 91       	pop	r29
    1994:	08 95       	ret

00001996 <MTIMERS_voidTimer1Init>:

void (*TIMER1_ICU_CallBack)(void)= NULL;


void MTIMERS_voidTimer1Init(void)
{
    1996:	df 93       	push	r29
    1998:	cf 93       	push	r28
    199a:	cd b7       	in	r28, 0x3d	; 61
    199c:	de b7       	in	r29, 0x3e	; 62
	/*Set prescaler*/
	CLR_BIT(TCCR1B,2);
    199e:	ae e4       	ldi	r26, 0x4E	; 78
    19a0:	b0 e0       	ldi	r27, 0x00	; 0
    19a2:	ee e4       	ldi	r30, 0x4E	; 78
    19a4:	f0 e0       	ldi	r31, 0x00	; 0
    19a6:	80 81       	ld	r24, Z
    19a8:	8b 7f       	andi	r24, 0xFB	; 251
    19aa:	8c 93       	st	X, r24
	SET_BIT(TCCR1B,1);
    19ac:	ae e4       	ldi	r26, 0x4E	; 78
    19ae:	b0 e0       	ldi	r27, 0x00	; 0
    19b0:	ee e4       	ldi	r30, 0x4E	; 78
    19b2:	f0 e0       	ldi	r31, 0x00	; 0
    19b4:	80 81       	ld	r24, Z
    19b6:	82 60       	ori	r24, 0x02	; 2
    19b8:	8c 93       	st	X, r24
	CLR_BIT(TCCR1B,0);
    19ba:	ae e4       	ldi	r26, 0x4E	; 78
    19bc:	b0 e0       	ldi	r27, 0x00	; 0
    19be:	ee e4       	ldi	r30, 0x4E	; 78
    19c0:	f0 e0       	ldi	r31, 0x00	; 0
    19c2:	80 81       	ld	r24, Z
    19c4:	8e 7f       	andi	r24, 0xFE	; 254
    19c6:	8c 93       	st	X, r24
}
    19c8:	cf 91       	pop	r28
    19ca:	df 91       	pop	r29
    19cc:	08 95       	ret

000019ce <MTIMERS_voidSetTimer1Value>:
void MTIMERS_voidSetTimer1Value(u16 A_u16Value)
{
    19ce:	df 93       	push	r29
    19d0:	cf 93       	push	r28
    19d2:	00 d0       	rcall	.+0      	; 0x19d4 <MTIMERS_voidSetTimer1Value+0x6>
    19d4:	cd b7       	in	r28, 0x3d	; 61
    19d6:	de b7       	in	r29, 0x3e	; 62
    19d8:	9a 83       	std	Y+2, r25	; 0x02
    19da:	89 83       	std	Y+1, r24	; 0x01
	TCNT1=A_u16Value;
    19dc:	ec e4       	ldi	r30, 0x4C	; 76
    19de:	f0 e0       	ldi	r31, 0x00	; 0
    19e0:	89 81       	ldd	r24, Y+1	; 0x01
    19e2:	9a 81       	ldd	r25, Y+2	; 0x02
    19e4:	91 83       	std	Z+1, r25	; 0x01
    19e6:	80 83       	st	Z, r24
}
    19e8:	0f 90       	pop	r0
    19ea:	0f 90       	pop	r0
    19ec:	cf 91       	pop	r28
    19ee:	df 91       	pop	r29
    19f0:	08 95       	ret

000019f2 <MTIMERS_u16ReadTimer1Value>:

u16 MTIMERS_u16ReadTimer1Value(void)
{
    19f2:	df 93       	push	r29
    19f4:	cf 93       	push	r28
    19f6:	cd b7       	in	r28, 0x3d	; 61
    19f8:	de b7       	in	r29, 0x3e	; 62
	return TCNT1;
    19fa:	ec e4       	ldi	r30, 0x4C	; 76
    19fc:	f0 e0       	ldi	r31, 0x00	; 0
    19fe:	80 81       	ld	r24, Z
    1a00:	91 81       	ldd	r25, Z+1	; 0x01
}
    1a02:	cf 91       	pop	r28
    1a04:	df 91       	pop	r29
    1a06:	08 95       	ret

00001a08 <MTIMERS_voidSetCR1AValue>:
void MTIMERS_voidSetCR1AValue(u8 A_u8Value)
{
    1a08:	df 93       	push	r29
    1a0a:	cf 93       	push	r28
    1a0c:	0f 92       	push	r0
    1a0e:	cd b7       	in	r28, 0x3d	; 61
    1a10:	de b7       	in	r29, 0x3e	; 62
    1a12:	89 83       	std	Y+1, r24	; 0x01
	OCR1A=A_u8Value;
    1a14:	ea e4       	ldi	r30, 0x4A	; 74
    1a16:	f0 e0       	ldi	r31, 0x00	; 0
    1a18:	89 81       	ldd	r24, Y+1	; 0x01
    1a1a:	88 2f       	mov	r24, r24
    1a1c:	90 e0       	ldi	r25, 0x00	; 0
    1a1e:	91 83       	std	Z+1, r25	; 0x01
    1a20:	80 83       	st	Z, r24
}
    1a22:	0f 90       	pop	r0
    1a24:	cf 91       	pop	r28
    1a26:	df 91       	pop	r29
    1a28:	08 95       	ret

00001a2a <TIMER1_voidICUInit>:

void TIMER1_voidICUInit(void)
{
    1a2a:	df 93       	push	r29
    1a2c:	cf 93       	push	r28
    1a2e:	cd b7       	in	r28, 0x3d	; 61
    1a30:	de b7       	in	r29, 0x3e	; 62
	// Set Trigger to Rising Initially
	SET_BIT(TCCR1B,6);
    1a32:	ae e4       	ldi	r26, 0x4E	; 78
    1a34:	b0 e0       	ldi	r27, 0x00	; 0
    1a36:	ee e4       	ldi	r30, 0x4E	; 78
    1a38:	f0 e0       	ldi	r31, 0x00	; 0
    1a3a:	80 81       	ld	r24, Z
    1a3c:	80 64       	ori	r24, 0x40	; 64
    1a3e:	8c 93       	st	X, r24
	// Enable ICU Interrupt
	SET_BIT(TIMSK,5);
    1a40:	a9 e5       	ldi	r26, 0x59	; 89
    1a42:	b0 e0       	ldi	r27, 0x00	; 0
    1a44:	e9 e5       	ldi	r30, 0x59	; 89
    1a46:	f0 e0       	ldi	r31, 0x00	; 0
    1a48:	80 81       	ld	r24, Z
    1a4a:	80 62       	ori	r24, 0x20	; 32
    1a4c:	8c 93       	st	X, r24
}
    1a4e:	cf 91       	pop	r28
    1a50:	df 91       	pop	r29
    1a52:	08 95       	ret

00001a54 <TIMER1_voidICUSetCallBack>:

void TIMER1_voidICUSetCallBack(void (*ptrToFunc) (void))
{
    1a54:	df 93       	push	r29
    1a56:	cf 93       	push	r28
    1a58:	00 d0       	rcall	.+0      	; 0x1a5a <TIMER1_voidICUSetCallBack+0x6>
    1a5a:	cd b7       	in	r28, 0x3d	; 61
    1a5c:	de b7       	in	r29, 0x3e	; 62
    1a5e:	9a 83       	std	Y+2, r25	; 0x02
    1a60:	89 83       	std	Y+1, r24	; 0x01
	if (ptrToFunc!= NULL)
    1a62:	89 81       	ldd	r24, Y+1	; 0x01
    1a64:	9a 81       	ldd	r25, Y+2	; 0x02
    1a66:	00 97       	sbiw	r24, 0x00	; 0
    1a68:	31 f0       	breq	.+12     	; 0x1a76 <TIMER1_voidICUSetCallBack+0x22>
		{
			TIMER1_ICU_CallBack=ptrToFunc;
    1a6a:	89 81       	ldd	r24, Y+1	; 0x01
    1a6c:	9a 81       	ldd	r25, Y+2	; 0x02
    1a6e:	90 93 87 00 	sts	0x0087, r25
    1a72:	80 93 86 00 	sts	0x0086, r24
		}
}
    1a76:	0f 90       	pop	r0
    1a78:	0f 90       	pop	r0
    1a7a:	cf 91       	pop	r28
    1a7c:	df 91       	pop	r29
    1a7e:	08 95       	ret

00001a80 <TIMER1_voidICUSetTrigger>:

void TIMER1_voidICUSetTrigger(u8 A_u8Trigger)
{
    1a80:	df 93       	push	r29
    1a82:	cf 93       	push	r28
    1a84:	00 d0       	rcall	.+0      	; 0x1a86 <TIMER1_voidICUSetTrigger+0x6>
    1a86:	0f 92       	push	r0
    1a88:	cd b7       	in	r28, 0x3d	; 61
    1a8a:	de b7       	in	r29, 0x3e	; 62
    1a8c:	89 83       	std	Y+1, r24	; 0x01
	switch (A_u8Trigger)
    1a8e:	89 81       	ldd	r24, Y+1	; 0x01
    1a90:	28 2f       	mov	r18, r24
    1a92:	30 e0       	ldi	r19, 0x00	; 0
    1a94:	3b 83       	std	Y+3, r19	; 0x03
    1a96:	2a 83       	std	Y+2, r18	; 0x02
    1a98:	8a 81       	ldd	r24, Y+2	; 0x02
    1a9a:	9b 81       	ldd	r25, Y+3	; 0x03
    1a9c:	00 97       	sbiw	r24, 0x00	; 0
    1a9e:	31 f0       	breq	.+12     	; 0x1aac <TIMER1_voidICUSetTrigger+0x2c>
    1aa0:	2a 81       	ldd	r18, Y+2	; 0x02
    1aa2:	3b 81       	ldd	r19, Y+3	; 0x03
    1aa4:	21 30       	cpi	r18, 0x01	; 1
    1aa6:	31 05       	cpc	r19, r1
    1aa8:	49 f0       	breq	.+18     	; 0x1abc <TIMER1_voidICUSetTrigger+0x3c>
    1aaa:	0f c0       	rjmp	.+30     	; 0x1aca <TIMER1_voidICUSetTrigger+0x4a>
	{
			case ICU_FALLING_EDGE : CLR_BIT(TCCR1B,6); break;
    1aac:	ae e4       	ldi	r26, 0x4E	; 78
    1aae:	b0 e0       	ldi	r27, 0x00	; 0
    1ab0:	ee e4       	ldi	r30, 0x4E	; 78
    1ab2:	f0 e0       	ldi	r31, 0x00	; 0
    1ab4:	80 81       	ld	r24, Z
    1ab6:	8f 7b       	andi	r24, 0xBF	; 191
    1ab8:	8c 93       	st	X, r24
    1aba:	07 c0       	rjmp	.+14     	; 0x1aca <TIMER1_voidICUSetTrigger+0x4a>
			case ICU_RISING_EDGE : SET_BIT(TCCR1B,6); break;
    1abc:	ae e4       	ldi	r26, 0x4E	; 78
    1abe:	b0 e0       	ldi	r27, 0x00	; 0
    1ac0:	ee e4       	ldi	r30, 0x4E	; 78
    1ac2:	f0 e0       	ldi	r31, 0x00	; 0
    1ac4:	80 81       	ld	r24, Z
    1ac6:	80 64       	ori	r24, 0x40	; 64
    1ac8:	8c 93       	st	X, r24

	}
}
    1aca:	0f 90       	pop	r0
    1acc:	0f 90       	pop	r0
    1ace:	0f 90       	pop	r0
    1ad0:	cf 91       	pop	r28
    1ad2:	df 91       	pop	r29
    1ad4:	08 95       	ret

00001ad6 <TIMER1_u16ReadICU>:

u16 TIMER1_u16ReadICU(void)
{
    1ad6:	df 93       	push	r29
    1ad8:	cf 93       	push	r28
    1ada:	cd b7       	in	r28, 0x3d	; 61
    1adc:	de b7       	in	r29, 0x3e	; 62
	return ICR1;
    1ade:	e6 e4       	ldi	r30, 0x46	; 70
    1ae0:	f0 e0       	ldi	r31, 0x00	; 0
    1ae2:	80 81       	ld	r24, Z
    1ae4:	91 81       	ldd	r25, Z+1	; 0x01
}
    1ae6:	cf 91       	pop	r28
    1ae8:	df 91       	pop	r29
    1aea:	08 95       	ret

00001aec <TIMER1_voidICUDisableINT>:
void TIMER1_voidICUDisableINT(void)
{
    1aec:	df 93       	push	r29
    1aee:	cf 93       	push	r28
    1af0:	cd b7       	in	r28, 0x3d	; 61
    1af2:	de b7       	in	r29, 0x3e	; 62
	// Disable ICU Interrupt
		CLR_BIT(TIMSK,5);
    1af4:	a9 e5       	ldi	r26, 0x59	; 89
    1af6:	b0 e0       	ldi	r27, 0x00	; 0
    1af8:	e9 e5       	ldi	r30, 0x59	; 89
    1afa:	f0 e0       	ldi	r31, 0x00	; 0
    1afc:	80 81       	ld	r24, Z
    1afe:	8f 7d       	andi	r24, 0xDF	; 223
    1b00:	8c 93       	st	X, r24
}
    1b02:	cf 91       	pop	r28
    1b04:	df 91       	pop	r29
    1b06:	08 95       	ret

00001b08 <__vector_6>:

void __vector_6(void)  __attribute__((signal));
void __vector_6(void)
{
    1b08:	1f 92       	push	r1
    1b0a:	0f 92       	push	r0
    1b0c:	0f b6       	in	r0, 0x3f	; 63
    1b0e:	0f 92       	push	r0
    1b10:	11 24       	eor	r1, r1
    1b12:	2f 93       	push	r18
    1b14:	3f 93       	push	r19
    1b16:	4f 93       	push	r20
    1b18:	5f 93       	push	r21
    1b1a:	6f 93       	push	r22
    1b1c:	7f 93       	push	r23
    1b1e:	8f 93       	push	r24
    1b20:	9f 93       	push	r25
    1b22:	af 93       	push	r26
    1b24:	bf 93       	push	r27
    1b26:	ef 93       	push	r30
    1b28:	ff 93       	push	r31
    1b2a:	df 93       	push	r29
    1b2c:	cf 93       	push	r28
    1b2e:	cd b7       	in	r28, 0x3d	; 61
    1b30:	de b7       	in	r29, 0x3e	; 62
	if (TIMER1_ICU_CallBack!= NULL)
    1b32:	80 91 86 00 	lds	r24, 0x0086
    1b36:	90 91 87 00 	lds	r25, 0x0087
    1b3a:	00 97       	sbiw	r24, 0x00	; 0
    1b3c:	29 f0       	breq	.+10     	; 0x1b48 <__vector_6+0x40>
	{
		TIMER1_ICU_CallBack();
    1b3e:	e0 91 86 00 	lds	r30, 0x0086
    1b42:	f0 91 87 00 	lds	r31, 0x0087
    1b46:	09 95       	icall
	}
}
    1b48:	cf 91       	pop	r28
    1b4a:	df 91       	pop	r29
    1b4c:	ff 91       	pop	r31
    1b4e:	ef 91       	pop	r30
    1b50:	bf 91       	pop	r27
    1b52:	af 91       	pop	r26
    1b54:	9f 91       	pop	r25
    1b56:	8f 91       	pop	r24
    1b58:	7f 91       	pop	r23
    1b5a:	6f 91       	pop	r22
    1b5c:	5f 91       	pop	r21
    1b5e:	4f 91       	pop	r20
    1b60:	3f 91       	pop	r19
    1b62:	2f 91       	pop	r18
    1b64:	0f 90       	pop	r0
    1b66:	0f be       	out	0x3f, r0	; 63
    1b68:	0f 90       	pop	r0
    1b6a:	1f 90       	pop	r1
    1b6c:	18 95       	reti

00001b6e <MTIMER0_voidInit>:

void (*TIMER0_OVF_CALLBACK)(void) = NULL;
void (*TIMER0_CTC_CALLBACK)(void) = NULL;

void MTIMER0_voidInit (void)
{
    1b6e:	df 93       	push	r29
    1b70:	cf 93       	push	r28
    1b72:	cd b7       	in	r28, 0x3d	; 61
    1b74:	de b7       	in	r29, 0x3e	; 62
	// Start Timer by setting its clock and configure OC0 Pin Action
	TCCR0 &= 0b11001000;
	TCCR0 |= (TIMER0_CLK_CONFIGURATION | (TIMER0_CTC_OC0_PIN_MODE << 4));
#elif TIMER0_MODE == FAST_PWM_MODE
	// Set Wave Generation Mode
	SET_BIT(TCCR0,3);
    1b76:	a3 e5       	ldi	r26, 0x53	; 83
    1b78:	b0 e0       	ldi	r27, 0x00	; 0
    1b7a:	e3 e5       	ldi	r30, 0x53	; 83
    1b7c:	f0 e0       	ldi	r31, 0x00	; 0
    1b7e:	80 81       	ld	r24, Z
    1b80:	88 60       	ori	r24, 0x08	; 8
    1b82:	8c 93       	st	X, r24
	SET_BIT(TCCR0,6);
    1b84:	a3 e5       	ldi	r26, 0x53	; 83
    1b86:	b0 e0       	ldi	r27, 0x00	; 0
    1b88:	e3 e5       	ldi	r30, 0x53	; 83
    1b8a:	f0 e0       	ldi	r31, 0x00	; 0
    1b8c:	80 81       	ld	r24, Z
    1b8e:	80 64       	ori	r24, 0x40	; 64
    1b90:	8c 93       	st	X, r24
	// Disable all interrupts
	CLR_BIT(TIMSK,1);
    1b92:	a9 e5       	ldi	r26, 0x59	; 89
    1b94:	b0 e0       	ldi	r27, 0x00	; 0
    1b96:	e9 e5       	ldi	r30, 0x59	; 89
    1b98:	f0 e0       	ldi	r31, 0x00	; 0
    1b9a:	80 81       	ld	r24, Z
    1b9c:	8d 7f       	andi	r24, 0xFD	; 253
    1b9e:	8c 93       	st	X, r24
	CLR_BIT(TIMSK,0);
    1ba0:	a9 e5       	ldi	r26, 0x59	; 89
    1ba2:	b0 e0       	ldi	r27, 0x00	; 0
    1ba4:	e9 e5       	ldi	r30, 0x59	; 89
    1ba6:	f0 e0       	ldi	r31, 0x00	; 0
    1ba8:	80 81       	ld	r24, Z
    1baa:	8e 7f       	andi	r24, 0xFE	; 254
    1bac:	8c 93       	st	X, r24
	// set OCR0 value
	OCR0 = OCR0_VALUE;
    1bae:	ec e5       	ldi	r30, 0x5C	; 92
    1bb0:	f0 e0       	ldi	r31, 0x00	; 0
    1bb2:	10 82       	st	Z, r1
	// Start Timer by setting its clock and configure OC0 Pin Action
	TCCR0 &= 0b11001000;
    1bb4:	a3 e5       	ldi	r26, 0x53	; 83
    1bb6:	b0 e0       	ldi	r27, 0x00	; 0
    1bb8:	e3 e5       	ldi	r30, 0x53	; 83
    1bba:	f0 e0       	ldi	r31, 0x00	; 0
    1bbc:	80 81       	ld	r24, Z
    1bbe:	88 7c       	andi	r24, 0xC8	; 200
    1bc0:	8c 93       	st	X, r24
	TCCR0 |= (TIMER0_CLK_CONFIGURATION | (TIMER0_PWM_OC0_PIN_MODE << 4));
    1bc2:	a3 e5       	ldi	r26, 0x53	; 83
    1bc4:	b0 e0       	ldi	r27, 0x00	; 0
    1bc6:	e3 e5       	ldi	r30, 0x53	; 83
    1bc8:	f0 e0       	ldi	r31, 0x00	; 0
    1bca:	80 81       	ld	r24, Z
    1bcc:	82 63       	ori	r24, 0x32	; 50
    1bce:	8c 93       	st	X, r24
#endif
}
    1bd0:	cf 91       	pop	r28
    1bd2:	df 91       	pop	r29
    1bd4:	08 95       	ret

00001bd6 <MTIMER0_voidSetPreloadValue>:

void MTIMER0_voidSetPreloadValue (u8 A_u8NoOfTicks)
{
    1bd6:	df 93       	push	r29
    1bd8:	cf 93       	push	r28
    1bda:	0f 92       	push	r0
    1bdc:	cd b7       	in	r28, 0x3d	; 61
    1bde:	de b7       	in	r29, 0x3e	; 62
    1be0:	89 83       	std	Y+1, r24	; 0x01
	TCNT0 = A_u8NoOfTicks;
    1be2:	e2 e5       	ldi	r30, 0x52	; 82
    1be4:	f0 e0       	ldi	r31, 0x00	; 0
    1be6:	89 81       	ldd	r24, Y+1	; 0x01
    1be8:	80 83       	st	Z, r24
}
    1bea:	0f 90       	pop	r0
    1bec:	cf 91       	pop	r28
    1bee:	df 91       	pop	r29
    1bf0:	08 95       	ret

00001bf2 <MTIMER0_voidSetOCR0Value>:

void MTIMER0_voidSetOCR0Value (u8 A_u8OCR0Value)
{
    1bf2:	df 93       	push	r29
    1bf4:	cf 93       	push	r28
    1bf6:	0f 92       	push	r0
    1bf8:	cd b7       	in	r28, 0x3d	; 61
    1bfa:	de b7       	in	r29, 0x3e	; 62
    1bfc:	89 83       	std	Y+1, r24	; 0x01
	OCR0 = A_u8OCR0Value;
    1bfe:	ec e5       	ldi	r30, 0x5C	; 92
    1c00:	f0 e0       	ldi	r31, 0x00	; 0
    1c02:	89 81       	ldd	r24, Y+1	; 0x01
    1c04:	80 83       	st	Z, r24
}
    1c06:	0f 90       	pop	r0
    1c08:	cf 91       	pop	r28
    1c0a:	df 91       	pop	r29
    1c0c:	08 95       	ret

00001c0e <MTIMER0_voidStopTimer>:

void MTIMER0_voidStopTimer (void)
{
    1c0e:	df 93       	push	r29
    1c10:	cf 93       	push	r28
    1c12:	cd b7       	in	r28, 0x3d	; 61
    1c14:	de b7       	in	r29, 0x3e	; 62
	TCCR0 &= 0b11111000;
    1c16:	a3 e5       	ldi	r26, 0x53	; 83
    1c18:	b0 e0       	ldi	r27, 0x00	; 0
    1c1a:	e3 e5       	ldi	r30, 0x53	; 83
    1c1c:	f0 e0       	ldi	r31, 0x00	; 0
    1c1e:	80 81       	ld	r24, Z
    1c20:	88 7f       	andi	r24, 0xF8	; 248
    1c22:	8c 93       	st	X, r24
}
    1c24:	cf 91       	pop	r28
    1c26:	df 91       	pop	r29
    1c28:	08 95       	ret

00001c2a <MTIMER0_voidSetOVFCallback>:

void MTIMER0_voidSetOVFCallback (void (*A_PtrToFunc)(void))
{
    1c2a:	df 93       	push	r29
    1c2c:	cf 93       	push	r28
    1c2e:	00 d0       	rcall	.+0      	; 0x1c30 <MTIMER0_voidSetOVFCallback+0x6>
    1c30:	cd b7       	in	r28, 0x3d	; 61
    1c32:	de b7       	in	r29, 0x3e	; 62
    1c34:	9a 83       	std	Y+2, r25	; 0x02
    1c36:	89 83       	std	Y+1, r24	; 0x01
	if (A_PtrToFunc != NULL)
    1c38:	89 81       	ldd	r24, Y+1	; 0x01
    1c3a:	9a 81       	ldd	r25, Y+2	; 0x02
    1c3c:	00 97       	sbiw	r24, 0x00	; 0
    1c3e:	31 f0       	breq	.+12     	; 0x1c4c <MTIMER0_voidSetOVFCallback+0x22>
	{
		TIMER0_OVF_CALLBACK = A_PtrToFunc;
    1c40:	89 81       	ldd	r24, Y+1	; 0x01
    1c42:	9a 81       	ldd	r25, Y+2	; 0x02
    1c44:	90 93 89 00 	sts	0x0089, r25
    1c48:	80 93 88 00 	sts	0x0088, r24
	}
}
    1c4c:	0f 90       	pop	r0
    1c4e:	0f 90       	pop	r0
    1c50:	cf 91       	pop	r28
    1c52:	df 91       	pop	r29
    1c54:	08 95       	ret

00001c56 <MTIMER0_voidSetCTCCallback>:

void MTIMER0_voidSetCTCCallback (void (*A_PtrToFunc)(void))
{
    1c56:	df 93       	push	r29
    1c58:	cf 93       	push	r28
    1c5a:	00 d0       	rcall	.+0      	; 0x1c5c <MTIMER0_voidSetCTCCallback+0x6>
    1c5c:	cd b7       	in	r28, 0x3d	; 61
    1c5e:	de b7       	in	r29, 0x3e	; 62
    1c60:	9a 83       	std	Y+2, r25	; 0x02
    1c62:	89 83       	std	Y+1, r24	; 0x01
	if (A_PtrToFunc != NULL)
    1c64:	89 81       	ldd	r24, Y+1	; 0x01
    1c66:	9a 81       	ldd	r25, Y+2	; 0x02
    1c68:	00 97       	sbiw	r24, 0x00	; 0
    1c6a:	31 f0       	breq	.+12     	; 0x1c78 <MTIMER0_voidSetCTCCallback+0x22>
	{
		TIMER0_CTC_CALLBACK = A_PtrToFunc;
    1c6c:	89 81       	ldd	r24, Y+1	; 0x01
    1c6e:	9a 81       	ldd	r25, Y+2	; 0x02
    1c70:	90 93 8b 00 	sts	0x008B, r25
    1c74:	80 93 8a 00 	sts	0x008A, r24
	}
}
    1c78:	0f 90       	pop	r0
    1c7a:	0f 90       	pop	r0
    1c7c:	cf 91       	pop	r28
    1c7e:	df 91       	pop	r29
    1c80:	08 95       	ret

00001c82 <__vector_11>:

void __vector_11(void) __attribute__((signal));
void __vector_11(void)
{
    1c82:	1f 92       	push	r1
    1c84:	0f 92       	push	r0
    1c86:	0f b6       	in	r0, 0x3f	; 63
    1c88:	0f 92       	push	r0
    1c8a:	11 24       	eor	r1, r1
    1c8c:	2f 93       	push	r18
    1c8e:	3f 93       	push	r19
    1c90:	4f 93       	push	r20
    1c92:	5f 93       	push	r21
    1c94:	6f 93       	push	r22
    1c96:	7f 93       	push	r23
    1c98:	8f 93       	push	r24
    1c9a:	9f 93       	push	r25
    1c9c:	af 93       	push	r26
    1c9e:	bf 93       	push	r27
    1ca0:	ef 93       	push	r30
    1ca2:	ff 93       	push	r31
    1ca4:	df 93       	push	r29
    1ca6:	cf 93       	push	r28
    1ca8:	cd b7       	in	r28, 0x3d	; 61
    1caa:	de b7       	in	r29, 0x3e	; 62
	if (TIMER0_OVF_CALLBACK != NULL)
    1cac:	80 91 88 00 	lds	r24, 0x0088
    1cb0:	90 91 89 00 	lds	r25, 0x0089
    1cb4:	00 97       	sbiw	r24, 0x00	; 0
    1cb6:	29 f0       	breq	.+10     	; 0x1cc2 <__vector_11+0x40>
	{
		TIMER0_OVF_CALLBACK();
    1cb8:	e0 91 88 00 	lds	r30, 0x0088
    1cbc:	f0 91 89 00 	lds	r31, 0x0089
    1cc0:	09 95       	icall
	}
}
    1cc2:	cf 91       	pop	r28
    1cc4:	df 91       	pop	r29
    1cc6:	ff 91       	pop	r31
    1cc8:	ef 91       	pop	r30
    1cca:	bf 91       	pop	r27
    1ccc:	af 91       	pop	r26
    1cce:	9f 91       	pop	r25
    1cd0:	8f 91       	pop	r24
    1cd2:	7f 91       	pop	r23
    1cd4:	6f 91       	pop	r22
    1cd6:	5f 91       	pop	r21
    1cd8:	4f 91       	pop	r20
    1cda:	3f 91       	pop	r19
    1cdc:	2f 91       	pop	r18
    1cde:	0f 90       	pop	r0
    1ce0:	0f be       	out	0x3f, r0	; 63
    1ce2:	0f 90       	pop	r0
    1ce4:	1f 90       	pop	r1
    1ce6:	18 95       	reti

00001ce8 <__vector_10>:


void __vector_10(void) __attribute__((signal));
void __vector_10(void)
{
    1ce8:	1f 92       	push	r1
    1cea:	0f 92       	push	r0
    1cec:	0f b6       	in	r0, 0x3f	; 63
    1cee:	0f 92       	push	r0
    1cf0:	11 24       	eor	r1, r1
    1cf2:	2f 93       	push	r18
    1cf4:	3f 93       	push	r19
    1cf6:	4f 93       	push	r20
    1cf8:	5f 93       	push	r21
    1cfa:	6f 93       	push	r22
    1cfc:	7f 93       	push	r23
    1cfe:	8f 93       	push	r24
    1d00:	9f 93       	push	r25
    1d02:	af 93       	push	r26
    1d04:	bf 93       	push	r27
    1d06:	ef 93       	push	r30
    1d08:	ff 93       	push	r31
    1d0a:	df 93       	push	r29
    1d0c:	cf 93       	push	r28
    1d0e:	cd b7       	in	r28, 0x3d	; 61
    1d10:	de b7       	in	r29, 0x3e	; 62
	if (TIMER0_CTC_CALLBACK != NULL)
    1d12:	80 91 8a 00 	lds	r24, 0x008A
    1d16:	90 91 8b 00 	lds	r25, 0x008B
    1d1a:	00 97       	sbiw	r24, 0x00	; 0
    1d1c:	29 f0       	breq	.+10     	; 0x1d28 <__vector_10+0x40>
	{
		TIMER0_CTC_CALLBACK();
    1d1e:	e0 91 8a 00 	lds	r30, 0x008A
    1d22:	f0 91 8b 00 	lds	r31, 0x008B
    1d26:	09 95       	icall
	}
}
    1d28:	cf 91       	pop	r28
    1d2a:	df 91       	pop	r29
    1d2c:	ff 91       	pop	r31
    1d2e:	ef 91       	pop	r30
    1d30:	bf 91       	pop	r27
    1d32:	af 91       	pop	r26
    1d34:	9f 91       	pop	r25
    1d36:	8f 91       	pop	r24
    1d38:	7f 91       	pop	r23
    1d3a:	6f 91       	pop	r22
    1d3c:	5f 91       	pop	r21
    1d3e:	4f 91       	pop	r20
    1d40:	3f 91       	pop	r19
    1d42:	2f 91       	pop	r18
    1d44:	0f 90       	pop	r0
    1d46:	0f be       	out	0x3f, r0	; 63
    1d48:	0f 90       	pop	r0
    1d4a:	1f 90       	pop	r1
    1d4c:	18 95       	reti

00001d4e <MUART_voidInit>:

static void (*FuncPtr[3]) (void) = {NULL,NULL,NULL};


void MUART_voidInit(void)
{
    1d4e:	df 93       	push	r29
    1d50:	cf 93       	push	r28
    1d52:	00 d0       	rcall	.+0      	; 0x1d54 <MUART_voidInit+0x6>
    1d54:	cd b7       	in	r28, 0x3d	; 61
    1d56:	de b7       	in	r29, 0x3e	; 62
	u16 local_u16BaudRateValue = BAUD_RATE_EQUATION;
    1d58:	83 e3       	ldi	r24, 0x33	; 51
    1d5a:	90 e0       	ldi	r25, 0x00	; 0
    1d5c:	9a 83       	std	Y+2, r25	; 0x02
    1d5e:	89 83       	std	Y+1, r24	; 0x01
	// Set Baudrate
	UBRRL = (u8)local_u16BaudRateValue;
    1d60:	e9 e2       	ldi	r30, 0x29	; 41
    1d62:	f0 e0       	ldi	r31, 0x00	; 0
    1d64:	89 81       	ldd	r24, Y+1	; 0x01
    1d66:	80 83       	st	Z, r24
	UBRRH = (u8)(local_u16BaudRateValue >> 8);
    1d68:	e0 e4       	ldi	r30, 0x40	; 64
    1d6a:	f0 e0       	ldi	r31, 0x00	; 0
    1d6c:	89 81       	ldd	r24, Y+1	; 0x01
    1d6e:	9a 81       	ldd	r25, Y+2	; 0x02
    1d70:	89 2f       	mov	r24, r25
    1d72:	99 27       	eor	r25, r25
    1d74:	80 83       	st	Z, r24

	// Character Size 8-bit
	CLR_BIT(UCSRB,2);
    1d76:	aa e2       	ldi	r26, 0x2A	; 42
    1d78:	b0 e0       	ldi	r27, 0x00	; 0
    1d7a:	ea e2       	ldi	r30, 0x2A	; 42
    1d7c:	f0 e0       	ldi	r31, 0x00	; 0
    1d7e:	80 81       	ld	r24, Z
    1d80:	8b 7f       	andi	r24, 0xFB	; 251
    1d82:	8c 93       	st	X, r24
	// Mode Asynchronous operation
	// Parity Disabled
	// 1 Stop Bit
	UCSRC = CONC_BIT(1,0,0,0,0,1,1,0);
    1d84:	e0 e4       	ldi	r30, 0x40	; 64
    1d86:	f0 e0       	ldi	r31, 0x00	; 0
    1d88:	86 e8       	ldi	r24, 0x86	; 134
    1d8a:	80 83       	st	Z, r24

	// Enable Receiver
	// Enable Transmitter
	SET_BIT(UCSRB,3);
    1d8c:	aa e2       	ldi	r26, 0x2A	; 42
    1d8e:	b0 e0       	ldi	r27, 0x00	; 0
    1d90:	ea e2       	ldi	r30, 0x2A	; 42
    1d92:	f0 e0       	ldi	r31, 0x00	; 0
    1d94:	80 81       	ld	r24, Z
    1d96:	88 60       	ori	r24, 0x08	; 8
    1d98:	8c 93       	st	X, r24
	SET_BIT(UCSRB,4);
    1d9a:	aa e2       	ldi	r26, 0x2A	; 42
    1d9c:	b0 e0       	ldi	r27, 0x00	; 0
    1d9e:	ea e2       	ldi	r30, 0x2A	; 42
    1da0:	f0 e0       	ldi	r31, 0x00	; 0
    1da2:	80 81       	ld	r24, Z
    1da4:	80 61       	ori	r24, 0x10	; 16
    1da6:	8c 93       	st	X, r24
}
    1da8:	0f 90       	pop	r0
    1daa:	0f 90       	pop	r0
    1dac:	cf 91       	pop	r28
    1dae:	df 91       	pop	r29
    1db0:	08 95       	ret

00001db2 <MUART_voidSendByteSyncBlocking>:


void MUART_voidSendByteSyncBlocking (u8 A_u8DataByte)
{
    1db2:	df 93       	push	r29
    1db4:	cf 93       	push	r28
    1db6:	0f 92       	push	r0
    1db8:	cd b7       	in	r28, 0x3d	; 61
    1dba:	de b7       	in	r29, 0x3e	; 62
    1dbc:	89 83       	std	Y+1, r24	; 0x01
	// wait until UDRE is empty
	while (GET_BIT(UCSRA,5)==0);
    1dbe:	eb e2       	ldi	r30, 0x2B	; 43
    1dc0:	f0 e0       	ldi	r31, 0x00	; 0
    1dc2:	80 81       	ld	r24, Z
    1dc4:	82 95       	swap	r24
    1dc6:	86 95       	lsr	r24
    1dc8:	87 70       	andi	r24, 0x07	; 7
    1dca:	88 2f       	mov	r24, r24
    1dcc:	90 e0       	ldi	r25, 0x00	; 0
    1dce:	81 70       	andi	r24, 0x01	; 1
    1dd0:	90 70       	andi	r25, 0x00	; 0
    1dd2:	00 97       	sbiw	r24, 0x00	; 0
    1dd4:	a1 f3       	breq	.-24     	; 0x1dbe <MUART_voidSendByteSyncBlocking+0xc>

	// Set Data into Tx Register and start Transmission
	UDR = A_u8DataByte;
    1dd6:	ec e2       	ldi	r30, 0x2C	; 44
    1dd8:	f0 e0       	ldi	r31, 0x00	; 0
    1dda:	89 81       	ldd	r24, Y+1	; 0x01
    1ddc:	80 83       	st	Z, r24

	// wait until UDRE is empty
	while (GET_BIT(UCSRA,5)==0);
    1dde:	eb e2       	ldi	r30, 0x2B	; 43
    1de0:	f0 e0       	ldi	r31, 0x00	; 0
    1de2:	80 81       	ld	r24, Z
    1de4:	82 95       	swap	r24
    1de6:	86 95       	lsr	r24
    1de8:	87 70       	andi	r24, 0x07	; 7
    1dea:	88 2f       	mov	r24, r24
    1dec:	90 e0       	ldi	r25, 0x00	; 0
    1dee:	81 70       	andi	r24, 0x01	; 1
    1df0:	90 70       	andi	r25, 0x00	; 0
    1df2:	00 97       	sbiw	r24, 0x00	; 0
    1df4:	a1 f3       	breq	.-24     	; 0x1dde <MUART_voidSendByteSyncBlocking+0x2c>

	// Clear transmit Interrupt flag
	SET_BIT(UCSRA,6);
    1df6:	ab e2       	ldi	r26, 0x2B	; 43
    1df8:	b0 e0       	ldi	r27, 0x00	; 0
    1dfa:	eb e2       	ldi	r30, 0x2B	; 43
    1dfc:	f0 e0       	ldi	r31, 0x00	; 0
    1dfe:	80 81       	ld	r24, Z
    1e00:	80 64       	ori	r24, 0x40	; 64
    1e02:	8c 93       	st	X, r24
}
    1e04:	0f 90       	pop	r0
    1e06:	cf 91       	pop	r28
    1e08:	df 91       	pop	r29
    1e0a:	08 95       	ret

00001e0c <MUART_voidSendByteSyncNonBlocking>:

void MUART_voidSendByteSyncNonBlocking (u8 A_u8DataByte)
{
    1e0c:	df 93       	push	r29
    1e0e:	cf 93       	push	r28
    1e10:	00 d0       	rcall	.+0      	; 0x1e12 <MUART_voidSendByteSyncNonBlocking+0x6>
    1e12:	0f 92       	push	r0
    1e14:	cd b7       	in	r28, 0x3d	; 61
    1e16:	de b7       	in	r29, 0x3e	; 62
    1e18:	8b 83       	std	Y+3, r24	; 0x03
	u32 local_u32TimeOut=0;
    1e1a:	1a 82       	std	Y+2, r1	; 0x02
    1e1c:	19 82       	std	Y+1, r1	; 0x01
    1e1e:	0b c0       	rjmp	.+22     	; 0x1e36 <MUART_voidSendByteSyncNonBlocking+0x2a>

	// wait until UDRE is empty or time out
	while (GET_BIT(UCSRA,5)==0)
	{
		local_u32TimeOut++;
    1e20:	89 81       	ldd	r24, Y+1	; 0x01
    1e22:	9a 81       	ldd	r25, Y+2	; 0x02
    1e24:	01 96       	adiw	r24, 0x01	; 1
    1e26:	9a 83       	std	Y+2, r25	; 0x02
    1e28:	89 83       	std	Y+1, r24	; 0x01
		if (local_u32TimeOut == NON_BLOCKING_TIME_OUT)
    1e2a:	89 81       	ldd	r24, Y+1	; 0x01
    1e2c:	9a 81       	ldd	r25, Y+2	; 0x02
    1e2e:	23 e1       	ldi	r18, 0x13	; 19
    1e30:	88 38       	cpi	r24, 0x88	; 136
    1e32:	92 07       	cpc	r25, r18
    1e34:	61 f0       	breq	.+24     	; 0x1e4e <MUART_voidSendByteSyncNonBlocking+0x42>
void MUART_voidSendByteSyncNonBlocking (u8 A_u8DataByte)
{
	u32 local_u32TimeOut=0;

	// wait until UDRE is empty or time out
	while (GET_BIT(UCSRA,5)==0)
    1e36:	eb e2       	ldi	r30, 0x2B	; 43
    1e38:	f0 e0       	ldi	r31, 0x00	; 0
    1e3a:	80 81       	ld	r24, Z
    1e3c:	82 95       	swap	r24
    1e3e:	86 95       	lsr	r24
    1e40:	87 70       	andi	r24, 0x07	; 7
    1e42:	88 2f       	mov	r24, r24
    1e44:	90 e0       	ldi	r25, 0x00	; 0
    1e46:	81 70       	andi	r24, 0x01	; 1
    1e48:	90 70       	andi	r25, 0x00	; 0
    1e4a:	00 97       	sbiw	r24, 0x00	; 0
    1e4c:	49 f3       	breq	.-46     	; 0x1e20 <MUART_voidSendByteSyncNonBlocking+0x14>
		{
			break;
		}
	}

	if (local_u32TimeOut != NON_BLOCKING_TIME_OUT)
    1e4e:	89 81       	ldd	r24, Y+1	; 0x01
    1e50:	9a 81       	ldd	r25, Y+2	; 0x02
    1e52:	23 e1       	ldi	r18, 0x13	; 19
    1e54:	88 38       	cpi	r24, 0x88	; 136
    1e56:	92 07       	cpc	r25, r18
    1e58:	29 f1       	breq	.+74     	; 0x1ea4 <MUART_voidSendByteSyncNonBlocking+0x98>
	{
		local_u32TimeOut=0;
    1e5a:	1a 82       	std	Y+2, r1	; 0x02
    1e5c:	19 82       	std	Y+1, r1	; 0x01

		// Set Data into Tx Register and start Transmission
		UDR = A_u8DataByte;
    1e5e:	ec e2       	ldi	r30, 0x2C	; 44
    1e60:	f0 e0       	ldi	r31, 0x00	; 0
    1e62:	8b 81       	ldd	r24, Y+3	; 0x03
    1e64:	80 83       	st	Z, r24
    1e66:	0b c0       	rjmp	.+22     	; 0x1e7e <MUART_voidSendByteSyncNonBlocking+0x72>

		// wait until UDRE is empty or time out
		while (GET_BIT(UCSRA,5)==0)
		{
			local_u32TimeOut++;
    1e68:	89 81       	ldd	r24, Y+1	; 0x01
    1e6a:	9a 81       	ldd	r25, Y+2	; 0x02
    1e6c:	01 96       	adiw	r24, 0x01	; 1
    1e6e:	9a 83       	std	Y+2, r25	; 0x02
    1e70:	89 83       	std	Y+1, r24	; 0x01
			if (local_u32TimeOut == NON_BLOCKING_TIME_OUT)
    1e72:	89 81       	ldd	r24, Y+1	; 0x01
    1e74:	9a 81       	ldd	r25, Y+2	; 0x02
    1e76:	23 e1       	ldi	r18, 0x13	; 19
    1e78:	88 38       	cpi	r24, 0x88	; 136
    1e7a:	92 07       	cpc	r25, r18
    1e7c:	61 f0       	breq	.+24     	; 0x1e96 <MUART_voidSendByteSyncNonBlocking+0x8a>

		// Set Data into Tx Register and start Transmission
		UDR = A_u8DataByte;

		// wait until UDRE is empty or time out
		while (GET_BIT(UCSRA,5)==0)
    1e7e:	eb e2       	ldi	r30, 0x2B	; 43
    1e80:	f0 e0       	ldi	r31, 0x00	; 0
    1e82:	80 81       	ld	r24, Z
    1e84:	82 95       	swap	r24
    1e86:	86 95       	lsr	r24
    1e88:	87 70       	andi	r24, 0x07	; 7
    1e8a:	88 2f       	mov	r24, r24
    1e8c:	90 e0       	ldi	r25, 0x00	; 0
    1e8e:	81 70       	andi	r24, 0x01	; 1
    1e90:	90 70       	andi	r25, 0x00	; 0
    1e92:	00 97       	sbiw	r24, 0x00	; 0
    1e94:	49 f3       	breq	.-46     	; 0x1e68 <MUART_voidSendByteSyncNonBlocking+0x5c>
			{
				break;
			}
		}
		// Clear transmit Interrupt flag
		SET_BIT(UCSRA,6);
    1e96:	ab e2       	ldi	r26, 0x2B	; 43
    1e98:	b0 e0       	ldi	r27, 0x00	; 0
    1e9a:	eb e2       	ldi	r30, 0x2B	; 43
    1e9c:	f0 e0       	ldi	r31, 0x00	; 0
    1e9e:	80 81       	ld	r24, Z
    1ea0:	80 64       	ori	r24, 0x40	; 64
    1ea2:	8c 93       	st	X, r24
	}
}
    1ea4:	0f 90       	pop	r0
    1ea6:	0f 90       	pop	r0
    1ea8:	0f 90       	pop	r0
    1eaa:	cf 91       	pop	r28
    1eac:	df 91       	pop	r29
    1eae:	08 95       	ret

00001eb0 <MUART_voidSendStringSyncNonBlocking>:



void MUART_voidSendStringSyncNonBlocking (u8 *A_pu8String)
{
    1eb0:	df 93       	push	r29
    1eb2:	cf 93       	push	r28
    1eb4:	00 d0       	rcall	.+0      	; 0x1eb6 <MUART_voidSendStringSyncNonBlocking+0x6>
    1eb6:	cd b7       	in	r28, 0x3d	; 61
    1eb8:	de b7       	in	r29, 0x3e	; 62
    1eba:	9a 83       	std	Y+2, r25	; 0x02
    1ebc:	89 83       	std	Y+1, r24	; 0x01
    1ebe:	0b c0       	rjmp	.+22     	; 0x1ed6 <MUART_voidSendStringSyncNonBlocking+0x26>
	while (*A_pu8String > 0)
	{
		MUART_voidSendByteSyncNonBlocking(*A_pu8String++);
    1ec0:	e9 81       	ldd	r30, Y+1	; 0x01
    1ec2:	fa 81       	ldd	r31, Y+2	; 0x02
    1ec4:	20 81       	ld	r18, Z
    1ec6:	89 81       	ldd	r24, Y+1	; 0x01
    1ec8:	9a 81       	ldd	r25, Y+2	; 0x02
    1eca:	01 96       	adiw	r24, 0x01	; 1
    1ecc:	9a 83       	std	Y+2, r25	; 0x02
    1ece:	89 83       	std	Y+1, r24	; 0x01
    1ed0:	82 2f       	mov	r24, r18
    1ed2:	0e 94 06 0f 	call	0x1e0c	; 0x1e0c <MUART_voidSendByteSyncNonBlocking>



void MUART_voidSendStringSyncNonBlocking (u8 *A_pu8String)
{
	while (*A_pu8String > 0)
    1ed6:	e9 81       	ldd	r30, Y+1	; 0x01
    1ed8:	fa 81       	ldd	r31, Y+2	; 0x02
    1eda:	80 81       	ld	r24, Z
    1edc:	88 23       	and	r24, r24
    1ede:	81 f7       	brne	.-32     	; 0x1ec0 <MUART_voidSendStringSyncNonBlocking+0x10>
	{
		MUART_voidSendByteSyncNonBlocking(*A_pu8String++);
	}
}
    1ee0:	0f 90       	pop	r0
    1ee2:	0f 90       	pop	r0
    1ee4:	cf 91       	pop	r28
    1ee6:	df 91       	pop	r29
    1ee8:	08 95       	ret

00001eea <MUART_voidSendByteAsync>:


void MUART_voidSendByteAsync (u8 A_u8DataByte)
{
    1eea:	df 93       	push	r29
    1eec:	cf 93       	push	r28
    1eee:	0f 92       	push	r0
    1ef0:	cd b7       	in	r28, 0x3d	; 61
    1ef2:	de b7       	in	r29, 0x3e	; 62
    1ef4:	89 83       	std	Y+1, r24	; 0x01
	if (GET_BIT(UCSRA,5)==1)
    1ef6:	eb e2       	ldi	r30, 0x2B	; 43
    1ef8:	f0 e0       	ldi	r31, 0x00	; 0
    1efa:	80 81       	ld	r24, Z
    1efc:	82 95       	swap	r24
    1efe:	86 95       	lsr	r24
    1f00:	87 70       	andi	r24, 0x07	; 7
    1f02:	88 2f       	mov	r24, r24
    1f04:	90 e0       	ldi	r25, 0x00	; 0
    1f06:	81 70       	andi	r24, 0x01	; 1
    1f08:	90 70       	andi	r25, 0x00	; 0
    1f0a:	88 23       	and	r24, r24
    1f0c:	21 f0       	breq	.+8      	; 0x1f16 <MUART_voidSendByteAsync+0x2c>
	{
		UDR = A_u8DataByte;
    1f0e:	ec e2       	ldi	r30, 0x2C	; 44
    1f10:	f0 e0       	ldi	r31, 0x00	; 0
    1f12:	89 81       	ldd	r24, Y+1	; 0x01
    1f14:	80 83       	st	Z, r24
	}
}
    1f16:	0f 90       	pop	r0
    1f18:	cf 91       	pop	r28
    1f1a:	df 91       	pop	r29
    1f1c:	08 95       	ret

00001f1e <MUART_u8ReadByteSyncBlocking>:


u8 MUART_u8ReadByteSyncBlocking (void)
{
    1f1e:	df 93       	push	r29
    1f20:	cf 93       	push	r28
    1f22:	cd b7       	in	r28, 0x3d	; 61
    1f24:	de b7       	in	r29, 0x3e	; 62
	// wait for Rx Flag
	while (GET_BIT(UCSRA,7)==0);
    1f26:	eb e2       	ldi	r30, 0x2B	; 43
    1f28:	f0 e0       	ldi	r31, 0x00	; 0
    1f2a:	80 81       	ld	r24, Z
    1f2c:	88 23       	and	r24, r24
    1f2e:	dc f7       	brge	.-10     	; 0x1f26 <MUART_u8ReadByteSyncBlocking+0x8>

	return UDR;
    1f30:	ec e2       	ldi	r30, 0x2C	; 44
    1f32:	f0 e0       	ldi	r31, 0x00	; 0
    1f34:	80 81       	ld	r24, Z
}
    1f36:	cf 91       	pop	r28
    1f38:	df 91       	pop	r29
    1f3a:	08 95       	ret

00001f3c <MUART_u8ReadByteAsync>:

u8 MUART_u8ReadByteAsync (void)
{
    1f3c:	df 93       	push	r29
    1f3e:	cf 93       	push	r28
    1f40:	cd b7       	in	r28, 0x3d	; 61
    1f42:	de b7       	in	r29, 0x3e	; 62
	return UDR;
    1f44:	ec e2       	ldi	r30, 0x2C	; 44
    1f46:	f0 e0       	ldi	r31, 0x00	; 0
    1f48:	80 81       	ld	r24, Z
}
    1f4a:	cf 91       	pop	r28
    1f4c:	df 91       	pop	r29
    1f4e:	08 95       	ret

00001f50 <MUART_u8ReadByteSyncNonBlocking>:

u8 MUART_u8ReadByteSyncNonBlocking (void)
{
    1f50:	df 93       	push	r29
    1f52:	cf 93       	push	r28
    1f54:	00 d0       	rcall	.+0      	; 0x1f56 <MUART_u8ReadByteSyncNonBlocking+0x6>
    1f56:	0f 92       	push	r0
    1f58:	cd b7       	in	r28, 0x3d	; 61
    1f5a:	de b7       	in	r29, 0x3e	; 62
	u8 local_u8value= NO_VALUE_RETURNED;
    1f5c:	8f ef       	ldi	r24, 0xFF	; 255
    1f5e:	8b 83       	std	Y+3, r24	; 0x03

	// wait for Rx Flag
	u32 local_u32TimeOut=0;
    1f60:	1a 82       	std	Y+2, r1	; 0x02
    1f62:	19 82       	std	Y+1, r1	; 0x01
    1f64:	0b c0       	rjmp	.+22     	; 0x1f7c <MUART_u8ReadByteSyncNonBlocking+0x2c>

	// wait until Rx flag is up
	while (GET_BIT(UCSRA,7)==0)
	{
		local_u32TimeOut++;
    1f66:	89 81       	ldd	r24, Y+1	; 0x01
    1f68:	9a 81       	ldd	r25, Y+2	; 0x02
    1f6a:	01 96       	adiw	r24, 0x01	; 1
    1f6c:	9a 83       	std	Y+2, r25	; 0x02
    1f6e:	89 83       	std	Y+1, r24	; 0x01
		if (local_u32TimeOut == NON_BLOCKING_TIME_OUT)
    1f70:	89 81       	ldd	r24, Y+1	; 0x01
    1f72:	9a 81       	ldd	r25, Y+2	; 0x02
    1f74:	23 e1       	ldi	r18, 0x13	; 19
    1f76:	88 38       	cpi	r24, 0x88	; 136
    1f78:	92 07       	cpc	r25, r18
    1f7a:	29 f0       	breq	.+10     	; 0x1f86 <MUART_u8ReadByteSyncNonBlocking+0x36>

	// wait for Rx Flag
	u32 local_u32TimeOut=0;

	// wait until Rx flag is up
	while (GET_BIT(UCSRA,7)==0)
    1f7c:	eb e2       	ldi	r30, 0x2B	; 43
    1f7e:	f0 e0       	ldi	r31, 0x00	; 0
    1f80:	80 81       	ld	r24, Z
    1f82:	88 23       	and	r24, r24
    1f84:	84 f7       	brge	.-32     	; 0x1f66 <MUART_u8ReadByteSyncNonBlocking+0x16>
		{
			break;
		}
	}

	if (local_u32TimeOut != NON_BLOCKING_TIME_OUT)
    1f86:	89 81       	ldd	r24, Y+1	; 0x01
    1f88:	9a 81       	ldd	r25, Y+2	; 0x02
    1f8a:	23 e1       	ldi	r18, 0x13	; 19
    1f8c:	88 38       	cpi	r24, 0x88	; 136
    1f8e:	92 07       	cpc	r25, r18
    1f90:	21 f0       	breq	.+8      	; 0x1f9a <MUART_u8ReadByteSyncNonBlocking+0x4a>
		local_u8value =  UDR;
    1f92:	ec e2       	ldi	r30, 0x2C	; 44
    1f94:	f0 e0       	ldi	r31, 0x00	; 0
    1f96:	80 81       	ld	r24, Z
    1f98:	8b 83       	std	Y+3, r24	; 0x03

	return local_u8value;
    1f9a:	8b 81       	ldd	r24, Y+3	; 0x03
}
    1f9c:	0f 90       	pop	r0
    1f9e:	0f 90       	pop	r0
    1fa0:	0f 90       	pop	r0
    1fa2:	cf 91       	pop	r28
    1fa4:	df 91       	pop	r29
    1fa6:	08 95       	ret

00001fa8 <MUART_voidSetCallBack>:
	UART_UDRE_INTERRUPT ,
	UART_TX_INTERRUPT
}UART_INTERRUPTS;
*/
void MUART_voidSetCallBack (UART_INTERRUPTS A_InterruptSource , void (*A_PtoFunc)(void))
{
    1fa8:	df 93       	push	r29
    1faa:	cf 93       	push	r28
    1fac:	00 d0       	rcall	.+0      	; 0x1fae <MUART_voidSetCallBack+0x6>
    1fae:	0f 92       	push	r0
    1fb0:	cd b7       	in	r28, 0x3d	; 61
    1fb2:	de b7       	in	r29, 0x3e	; 62
    1fb4:	89 83       	std	Y+1, r24	; 0x01
    1fb6:	7b 83       	std	Y+3, r23	; 0x03
    1fb8:	6a 83       	std	Y+2, r22	; 0x02
	if ((A_InterruptSource<=UART_TX_INTERRUPT)&&(A_PtoFunc != NULL))
    1fba:	89 81       	ldd	r24, Y+1	; 0x01
    1fbc:	83 30       	cpi	r24, 0x03	; 3
    1fbe:	80 f4       	brcc	.+32     	; 0x1fe0 <MUART_voidSetCallBack+0x38>
    1fc0:	8a 81       	ldd	r24, Y+2	; 0x02
    1fc2:	9b 81       	ldd	r25, Y+3	; 0x03
    1fc4:	00 97       	sbiw	r24, 0x00	; 0
    1fc6:	61 f0       	breq	.+24     	; 0x1fe0 <MUART_voidSetCallBack+0x38>
	{
		FuncPtr [A_InterruptSource] = A_PtoFunc;
    1fc8:	89 81       	ldd	r24, Y+1	; 0x01
    1fca:	88 2f       	mov	r24, r24
    1fcc:	90 e0       	ldi	r25, 0x00	; 0
    1fce:	88 0f       	add	r24, r24
    1fd0:	99 1f       	adc	r25, r25
    1fd2:	fc 01       	movw	r30, r24
    1fd4:	e4 57       	subi	r30, 0x74	; 116
    1fd6:	ff 4f       	sbci	r31, 0xFF	; 255
    1fd8:	8a 81       	ldd	r24, Y+2	; 0x02
    1fda:	9b 81       	ldd	r25, Y+3	; 0x03
    1fdc:	91 83       	std	Z+1, r25	; 0x01
    1fde:	80 83       	st	Z, r24
	}
}
    1fe0:	0f 90       	pop	r0
    1fe2:	0f 90       	pop	r0
    1fe4:	0f 90       	pop	r0
    1fe6:	cf 91       	pop	r28
    1fe8:	df 91       	pop	r29
    1fea:	08 95       	ret

00001fec <__vector_13>:


void __vector_13(void) __attribute__((signal));
void __vector_13(void)
{
    1fec:	1f 92       	push	r1
    1fee:	0f 92       	push	r0
    1ff0:	0f b6       	in	r0, 0x3f	; 63
    1ff2:	0f 92       	push	r0
    1ff4:	11 24       	eor	r1, r1
    1ff6:	2f 93       	push	r18
    1ff8:	3f 93       	push	r19
    1ffa:	4f 93       	push	r20
    1ffc:	5f 93       	push	r21
    1ffe:	6f 93       	push	r22
    2000:	7f 93       	push	r23
    2002:	8f 93       	push	r24
    2004:	9f 93       	push	r25
    2006:	af 93       	push	r26
    2008:	bf 93       	push	r27
    200a:	ef 93       	push	r30
    200c:	ff 93       	push	r31
    200e:	df 93       	push	r29
    2010:	cf 93       	push	r28
    2012:	cd b7       	in	r28, 0x3d	; 61
    2014:	de b7       	in	r29, 0x3e	; 62
	if (FuncPtr[UART_RX_INTERRUPT] != NULL)
    2016:	80 91 8c 00 	lds	r24, 0x008C
    201a:	90 91 8d 00 	lds	r25, 0x008D
    201e:	00 97       	sbiw	r24, 0x00	; 0
    2020:	29 f0       	breq	.+10     	; 0x202c <__vector_13+0x40>
	{
		FuncPtr[UART_RX_INTERRUPT]();
    2022:	e0 91 8c 00 	lds	r30, 0x008C
    2026:	f0 91 8d 00 	lds	r31, 0x008D
    202a:	09 95       	icall
	}
}
    202c:	cf 91       	pop	r28
    202e:	df 91       	pop	r29
    2030:	ff 91       	pop	r31
    2032:	ef 91       	pop	r30
    2034:	bf 91       	pop	r27
    2036:	af 91       	pop	r26
    2038:	9f 91       	pop	r25
    203a:	8f 91       	pop	r24
    203c:	7f 91       	pop	r23
    203e:	6f 91       	pop	r22
    2040:	5f 91       	pop	r21
    2042:	4f 91       	pop	r20
    2044:	3f 91       	pop	r19
    2046:	2f 91       	pop	r18
    2048:	0f 90       	pop	r0
    204a:	0f be       	out	0x3f, r0	; 63
    204c:	0f 90       	pop	r0
    204e:	1f 90       	pop	r1
    2050:	18 95       	reti

00002052 <__vector_14>:

void __vector_14(void) __attribute__((signal));
void __vector_14(void)
{
    2052:	1f 92       	push	r1
    2054:	0f 92       	push	r0
    2056:	0f b6       	in	r0, 0x3f	; 63
    2058:	0f 92       	push	r0
    205a:	11 24       	eor	r1, r1
    205c:	2f 93       	push	r18
    205e:	3f 93       	push	r19
    2060:	4f 93       	push	r20
    2062:	5f 93       	push	r21
    2064:	6f 93       	push	r22
    2066:	7f 93       	push	r23
    2068:	8f 93       	push	r24
    206a:	9f 93       	push	r25
    206c:	af 93       	push	r26
    206e:	bf 93       	push	r27
    2070:	ef 93       	push	r30
    2072:	ff 93       	push	r31
    2074:	df 93       	push	r29
    2076:	cf 93       	push	r28
    2078:	cd b7       	in	r28, 0x3d	; 61
    207a:	de b7       	in	r29, 0x3e	; 62
	if (FuncPtr[UART_UDRE_INTERRUPT] != NULL)
    207c:	80 91 8e 00 	lds	r24, 0x008E
    2080:	90 91 8f 00 	lds	r25, 0x008F
    2084:	00 97       	sbiw	r24, 0x00	; 0
    2086:	29 f0       	breq	.+10     	; 0x2092 <__vector_14+0x40>
	{
		FuncPtr[UART_UDRE_INTERRUPT]();
    2088:	e0 91 8e 00 	lds	r30, 0x008E
    208c:	f0 91 8f 00 	lds	r31, 0x008F
    2090:	09 95       	icall
	}
}
    2092:	cf 91       	pop	r28
    2094:	df 91       	pop	r29
    2096:	ff 91       	pop	r31
    2098:	ef 91       	pop	r30
    209a:	bf 91       	pop	r27
    209c:	af 91       	pop	r26
    209e:	9f 91       	pop	r25
    20a0:	8f 91       	pop	r24
    20a2:	7f 91       	pop	r23
    20a4:	6f 91       	pop	r22
    20a6:	5f 91       	pop	r21
    20a8:	4f 91       	pop	r20
    20aa:	3f 91       	pop	r19
    20ac:	2f 91       	pop	r18
    20ae:	0f 90       	pop	r0
    20b0:	0f be       	out	0x3f, r0	; 63
    20b2:	0f 90       	pop	r0
    20b4:	1f 90       	pop	r1
    20b6:	18 95       	reti

000020b8 <__vector_15>:

void __vector_15(void) __attribute__((signal));
void __vector_15(void)
{
    20b8:	1f 92       	push	r1
    20ba:	0f 92       	push	r0
    20bc:	0f b6       	in	r0, 0x3f	; 63
    20be:	0f 92       	push	r0
    20c0:	11 24       	eor	r1, r1
    20c2:	2f 93       	push	r18
    20c4:	3f 93       	push	r19
    20c6:	4f 93       	push	r20
    20c8:	5f 93       	push	r21
    20ca:	6f 93       	push	r22
    20cc:	7f 93       	push	r23
    20ce:	8f 93       	push	r24
    20d0:	9f 93       	push	r25
    20d2:	af 93       	push	r26
    20d4:	bf 93       	push	r27
    20d6:	ef 93       	push	r30
    20d8:	ff 93       	push	r31
    20da:	df 93       	push	r29
    20dc:	cf 93       	push	r28
    20de:	cd b7       	in	r28, 0x3d	; 61
    20e0:	de b7       	in	r29, 0x3e	; 62
	if (FuncPtr[UART_TX_INTERRUPT] != NULL)
    20e2:	80 91 90 00 	lds	r24, 0x0090
    20e6:	90 91 91 00 	lds	r25, 0x0091
    20ea:	00 97       	sbiw	r24, 0x00	; 0
    20ec:	29 f0       	breq	.+10     	; 0x20f8 <__vector_15+0x40>
	{
		FuncPtr[UART_TX_INTERRUPT]();
    20ee:	e0 91 90 00 	lds	r30, 0x0090
    20f2:	f0 91 91 00 	lds	r31, 0x0091
    20f6:	09 95       	icall
	}
}
    20f8:	cf 91       	pop	r28
    20fa:	df 91       	pop	r29
    20fc:	ff 91       	pop	r31
    20fe:	ef 91       	pop	r30
    2100:	bf 91       	pop	r27
    2102:	af 91       	pop	r26
    2104:	9f 91       	pop	r25
    2106:	8f 91       	pop	r24
    2108:	7f 91       	pop	r23
    210a:	6f 91       	pop	r22
    210c:	5f 91       	pop	r21
    210e:	4f 91       	pop	r20
    2110:	3f 91       	pop	r19
    2112:	2f 91       	pop	r18
    2114:	0f 90       	pop	r0
    2116:	0f be       	out	0x3f, r0	; 63
    2118:	0f 90       	pop	r0
    211a:	1f 90       	pop	r1
    211c:	18 95       	reti

0000211e <MWDT_voidEnable>:
#include "../INCLUDE/MCAL/WDT/WDT_PRIVATE.h"
#include "../INCLUDE/MCAL/WDT/WDT_CFG.h"


void MWDT_voidEnable(void)
{
    211e:	df 93       	push	r29
    2120:	cf 93       	push	r28
    2122:	cd b7       	in	r28, 0x3d	; 61
    2124:	de b7       	in	r29, 0x3e	; 62
	//Enable WDT and Set reset time to 2.1 sec
	WDTCR = 0b00001111;
    2126:	e1 e4       	ldi	r30, 0x41	; 65
    2128:	f0 e0       	ldi	r31, 0x00	; 0
    212a:	8f e0       	ldi	r24, 0x0F	; 15
    212c:	80 83       	st	Z, r24
}
    212e:	cf 91       	pop	r28
    2130:	df 91       	pop	r29
    2132:	08 95       	ret

00002134 <MWDT_voidDisable>:

void MWDT_voidDisable (void)
{
    2134:	df 93       	push	r29
    2136:	cf 93       	push	r28
    2138:	cd b7       	in	r28, 0x3d	; 61
    213a:	de b7       	in	r29, 0x3e	; 62
	WDTCR |= ((1<<3)|(1<<4));
    213c:	a1 e4       	ldi	r26, 0x41	; 65
    213e:	b0 e0       	ldi	r27, 0x00	; 0
    2140:	e1 e4       	ldi	r30, 0x41	; 65
    2142:	f0 e0       	ldi	r31, 0x00	; 0
    2144:	80 81       	ld	r24, Z
    2146:	88 61       	ori	r24, 0x18	; 24
    2148:	8c 93       	st	X, r24
	WDTCR = 0x00;
    214a:	e1 e4       	ldi	r30, 0x41	; 65
    214c:	f0 e0       	ldi	r31, 0x00	; 0
    214e:	10 82       	st	Z, r1
}
    2150:	cf 91       	pop	r28
    2152:	df 91       	pop	r29
    2154:	08 95       	ret

00002156 <TIMER0_OVF_FUNC>:
#include "../INCLUDE/MCAL/TIMER/TIMER_INTERFACE.h"

#define F_CPU 8000000UL

void TIMER0_OVF_FUNC (void)
{
    2156:	df 93       	push	r29
    2158:	cf 93       	push	r28
    215a:	cd b7       	in	r28, 0x3d	; 61
    215c:	de b7       	in	r29, 0x3e	; 62
	static u16 LOCAL_u16counter =0;
	LOCAL_u16counter++;
    215e:	80 91 92 00 	lds	r24, 0x0092
    2162:	90 91 93 00 	lds	r25, 0x0093
    2166:	01 96       	adiw	r24, 0x01	; 1
    2168:	90 93 93 00 	sts	0x0093, r25
    216c:	80 93 92 00 	sts	0x0092, r24
	if (LOCAL_u16counter == 3907)
    2170:	80 91 92 00 	lds	r24, 0x0092
    2174:	90 91 93 00 	lds	r25, 0x0093
    2178:	2f e0       	ldi	r18, 0x0F	; 15
    217a:	83 34       	cpi	r24, 0x43	; 67
    217c:	92 07       	cpc	r25, r18
    217e:	39 f4       	brne	.+14     	; 0x218e <TIMER0_OVF_FUNC+0x38>
	{
		MTIMER0_voidSetPreloadValue(192);
    2180:	80 ec       	ldi	r24, 0xC0	; 192
    2182:	0e 94 eb 0d 	call	0x1bd6	; 0x1bd6 <MTIMER0_voidSetPreloadValue>
		LOCAL_u16counter=0;
    2186:	10 92 93 00 	sts	0x0093, r1
    218a:	10 92 92 00 	sts	0x0092, r1
		//HLED_voidToggleLedStatus(PORTA, PIN0);
	}
}
    218e:	cf 91       	pop	r28
    2190:	df 91       	pop	r29
    2192:	08 95       	ret

00002194 <TIMER0_CTC_FUNC>:

void TIMER0_CTC_FUNC (void)
{
    2194:	df 93       	push	r29
    2196:	cf 93       	push	r28
    2198:	cd b7       	in	r28, 0x3d	; 61
    219a:	de b7       	in	r29, 0x3e	; 62
	static u16 LOCAL_u16counter =0;
	LOCAL_u16counter++;
    219c:	80 91 94 00 	lds	r24, 0x0094
    21a0:	90 91 95 00 	lds	r25, 0x0095
    21a4:	01 96       	adiw	r24, 0x01	; 1
    21a6:	90 93 95 00 	sts	0x0095, r25
    21aa:	80 93 94 00 	sts	0x0094, r24
	if (LOCAL_u16counter == 10000)
    21ae:	80 91 94 00 	lds	r24, 0x0094
    21b2:	90 91 95 00 	lds	r25, 0x0095
    21b6:	27 e2       	ldi	r18, 0x27	; 39
    21b8:	80 31       	cpi	r24, 0x10	; 16
    21ba:	92 07       	cpc	r25, r18
    21bc:	21 f4       	brne	.+8      	; 0x21c6 <TIMER0_CTC_FUNC+0x32>
	{
		LOCAL_u16counter=0;
    21be:	10 92 95 00 	sts	0x0095, r1
    21c2:	10 92 94 00 	sts	0x0094, r1
		//HLED_voidToggleLedStatus(PORTA, PIN0);
	}
}
    21c6:	cf 91       	pop	r28
    21c8:	df 91       	pop	r29
    21ca:	08 95       	ret

000021cc <main>:
//}


// Fast PWM Main
int main (void)
{
    21cc:	df 93       	push	r29
    21ce:	cf 93       	push	r28
    21d0:	cd b7       	in	r28, 0x3d	; 61
    21d2:	de b7       	in	r29, 0x3e	; 62
    21d4:	6e 97       	sbiw	r28, 0x1e	; 30
    21d6:	0f b6       	in	r0, 0x3f	; 63
    21d8:	f8 94       	cli
    21da:	de bf       	out	0x3e, r29	; 62
    21dc:	0f be       	out	0x3f, r0	; 63
    21de:	cd bf       	out	0x3d, r28	; 61
	MDIO_voidInti();
    21e0:	0e 94 24 06 	call	0xc48	; 0xc48 <MDIO_voidInti>
	MTIMER0_voidInit();
    21e4:	0e 94 b7 0d 	call	0x1b6e	; 0x1b6e <MTIMER0_voidInit>
	while(1)
	{
		for (u8 i=0; i<250; i+=10)
    21e8:	1e 8e       	std	Y+30, r1	; 0x1e
    21ea:	78 c0       	rjmp	.+240    	; 0x22dc <main+0x110>
		{
			MTIMER0_voidSetOCR0Value(i);
    21ec:	8e 8d       	ldd	r24, Y+30	; 0x1e
    21ee:	0e 94 f9 0d 	call	0x1bf2	; 0x1bf2 <MTIMER0_voidSetOCR0Value>
    21f2:	80 e0       	ldi	r24, 0x00	; 0
    21f4:	90 e0       	ldi	r25, 0x00	; 0
    21f6:	a6 e9       	ldi	r26, 0x96	; 150
    21f8:	b3 e4       	ldi	r27, 0x43	; 67
    21fa:	89 8f       	std	Y+25, r24	; 0x19
    21fc:	9a 8f       	std	Y+26, r25	; 0x1a
    21fe:	ab 8f       	std	Y+27, r26	; 0x1b
    2200:	bc 8f       	std	Y+28, r27	; 0x1c
 */
void
_delay_ms(double __ms)
{
	uint16_t __ticks;
	double __tmp = ((F_CPU) / 4e3) * __ms;
    2202:	69 8d       	ldd	r22, Y+25	; 0x19
    2204:	7a 8d       	ldd	r23, Y+26	; 0x1a
    2206:	8b 8d       	ldd	r24, Y+27	; 0x1b
    2208:	9c 8d       	ldd	r25, Y+28	; 0x1c
    220a:	20 e0       	ldi	r18, 0x00	; 0
    220c:	30 e0       	ldi	r19, 0x00	; 0
    220e:	4a ef       	ldi	r20, 0xFA	; 250
    2210:	54 e4       	ldi	r21, 0x44	; 68
    2212:	0e 94 1f 02 	call	0x43e	; 0x43e <__mulsf3>
    2216:	dc 01       	movw	r26, r24
    2218:	cb 01       	movw	r24, r22
    221a:	8d 8b       	std	Y+21, r24	; 0x15
    221c:	9e 8b       	std	Y+22, r25	; 0x16
    221e:	af 8b       	std	Y+23, r26	; 0x17
    2220:	b8 8f       	std	Y+24, r27	; 0x18
	if (__tmp < 1.0)
    2222:	6d 89       	ldd	r22, Y+21	; 0x15
    2224:	7e 89       	ldd	r23, Y+22	; 0x16
    2226:	8f 89       	ldd	r24, Y+23	; 0x17
    2228:	98 8d       	ldd	r25, Y+24	; 0x18
    222a:	20 e0       	ldi	r18, 0x00	; 0
    222c:	30 e0       	ldi	r19, 0x00	; 0
    222e:	40 e8       	ldi	r20, 0x80	; 128
    2230:	5f e3       	ldi	r21, 0x3F	; 63
    2232:	0e 94 79 03 	call	0x6f2	; 0x6f2 <__ltsf2>
    2236:	88 23       	and	r24, r24
    2238:	2c f4       	brge	.+10     	; 0x2244 <main+0x78>
		__ticks = 1;
    223a:	81 e0       	ldi	r24, 0x01	; 1
    223c:	90 e0       	ldi	r25, 0x00	; 0
    223e:	9c 8b       	std	Y+20, r25	; 0x14
    2240:	8b 8b       	std	Y+19, r24	; 0x13
    2242:	3f c0       	rjmp	.+126    	; 0x22c2 <main+0xf6>
	else if (__tmp > 65535)
    2244:	6d 89       	ldd	r22, Y+21	; 0x15
    2246:	7e 89       	ldd	r23, Y+22	; 0x16
    2248:	8f 89       	ldd	r24, Y+23	; 0x17
    224a:	98 8d       	ldd	r25, Y+24	; 0x18
    224c:	20 e0       	ldi	r18, 0x00	; 0
    224e:	3f ef       	ldi	r19, 0xFF	; 255
    2250:	4f e7       	ldi	r20, 0x7F	; 127
    2252:	57 e4       	ldi	r21, 0x47	; 71
    2254:	0e 94 19 03 	call	0x632	; 0x632 <__gtsf2>
    2258:	18 16       	cp	r1, r24
    225a:	4c f5       	brge	.+82     	; 0x22ae <main+0xe2>
	{
		//	__ticks = requested delay in 1/10 ms
		__ticks = (uint16_t) (__ms * 10.0);
    225c:	69 8d       	ldd	r22, Y+25	; 0x19
    225e:	7a 8d       	ldd	r23, Y+26	; 0x1a
    2260:	8b 8d       	ldd	r24, Y+27	; 0x1b
    2262:	9c 8d       	ldd	r25, Y+28	; 0x1c
    2264:	20 e0       	ldi	r18, 0x00	; 0
    2266:	30 e0       	ldi	r19, 0x00	; 0
    2268:	40 e2       	ldi	r20, 0x20	; 32
    226a:	51 e4       	ldi	r21, 0x41	; 65
    226c:	0e 94 1f 02 	call	0x43e	; 0x43e <__mulsf3>
    2270:	dc 01       	movw	r26, r24
    2272:	cb 01       	movw	r24, r22
    2274:	bc 01       	movw	r22, r24
    2276:	cd 01       	movw	r24, r26
    2278:	0e 94 49 00 	call	0x92	; 0x92 <__fixunssfsi>
    227c:	dc 01       	movw	r26, r24
    227e:	cb 01       	movw	r24, r22
    2280:	9c 8b       	std	Y+20, r25	; 0x14
    2282:	8b 8b       	std	Y+19, r24	; 0x13
    2284:	0f c0       	rjmp	.+30     	; 0x22a4 <main+0xd8>
    2286:	88 ec       	ldi	r24, 0xC8	; 200
    2288:	90 e0       	ldi	r25, 0x00	; 0
    228a:	9a 8b       	std	Y+18, r25	; 0x12
    228c:	89 8b       	std	Y+17, r24	; 0x11
    228e:	89 89       	ldd	r24, Y+17	; 0x11
    2290:	9a 89       	ldd	r25, Y+18	; 0x12
    2292:	01 97       	sbiw	r24, 0x01	; 1
    2294:	f1 f7       	brne	.-4      	; 0x2292 <main+0xc6>
    2296:	9a 8b       	std	Y+18, r25	; 0x12
    2298:	89 8b       	std	Y+17, r24	; 0x11
		while(__ticks)
		{
			// wait 1/10 ms
			_delay_loop_2(((F_CPU) / 4e3) / 10);
			__ticks --;
    229a:	8b 89       	ldd	r24, Y+19	; 0x13
    229c:	9c 89       	ldd	r25, Y+20	; 0x14
    229e:	01 97       	sbiw	r24, 0x01	; 1
    22a0:	9c 8b       	std	Y+20, r25	; 0x14
    22a2:	8b 8b       	std	Y+19, r24	; 0x13
		__ticks = 1;
	else if (__tmp > 65535)
	{
		//	__ticks = requested delay in 1/10 ms
		__ticks = (uint16_t) (__ms * 10.0);
		while(__ticks)
    22a4:	8b 89       	ldd	r24, Y+19	; 0x13
    22a6:	9c 89       	ldd	r25, Y+20	; 0x14
    22a8:	00 97       	sbiw	r24, 0x00	; 0
    22aa:	69 f7       	brne	.-38     	; 0x2286 <main+0xba>
    22ac:	14 c0       	rjmp	.+40     	; 0x22d6 <main+0x10a>
			__ticks --;
		}
		return;
	}
	else
		__ticks = (uint16_t)__tmp;
    22ae:	6d 89       	ldd	r22, Y+21	; 0x15
    22b0:	7e 89       	ldd	r23, Y+22	; 0x16
    22b2:	8f 89       	ldd	r24, Y+23	; 0x17
    22b4:	98 8d       	ldd	r25, Y+24	; 0x18
    22b6:	0e 94 49 00 	call	0x92	; 0x92 <__fixunssfsi>
    22ba:	dc 01       	movw	r26, r24
    22bc:	cb 01       	movw	r24, r22
    22be:	9c 8b       	std	Y+20, r25	; 0x14
    22c0:	8b 8b       	std	Y+19, r24	; 0x13
    22c2:	8b 89       	ldd	r24, Y+19	; 0x13
    22c4:	9c 89       	ldd	r25, Y+20	; 0x14
    22c6:	98 8b       	std	Y+16, r25	; 0x10
    22c8:	8f 87       	std	Y+15, r24	; 0x0f
    22ca:	8f 85       	ldd	r24, Y+15	; 0x0f
    22cc:	98 89       	ldd	r25, Y+16	; 0x10
    22ce:	01 97       	sbiw	r24, 0x01	; 1
    22d0:	f1 f7       	brne	.-4      	; 0x22ce <main+0x102>
    22d2:	98 8b       	std	Y+16, r25	; 0x10
    22d4:	8f 87       	std	Y+15, r24	; 0x0f
{
	MDIO_voidInti();
	MTIMER0_voidInit();
	while(1)
	{
		for (u8 i=0; i<250; i+=10)
    22d6:	8e 8d       	ldd	r24, Y+30	; 0x1e
    22d8:	86 5f       	subi	r24, 0xF6	; 246
    22da:	8e 8f       	std	Y+30, r24	; 0x1e
    22dc:	8e 8d       	ldd	r24, Y+30	; 0x1e
    22de:	8a 3f       	cpi	r24, 0xFA	; 250
    22e0:	08 f4       	brcc	.+2      	; 0x22e4 <main+0x118>
    22e2:	84 cf       	rjmp	.-248    	; 0x21ec <main+0x20>
		{
			MTIMER0_voidSetOCR0Value(i);
			_delay_ms (300);
		}
		for (u8 i=250; i>0; i -=10)
    22e4:	8a ef       	ldi	r24, 0xFA	; 250
    22e6:	8d 8f       	std	Y+29, r24	; 0x1d
    22e8:	78 c0       	rjmp	.+240    	; 0x23da <main+0x20e>
		{
			MTIMER0_voidSetOCR0Value(i);
    22ea:	8d 8d       	ldd	r24, Y+29	; 0x1d
    22ec:	0e 94 f9 0d 	call	0x1bf2	; 0x1bf2 <MTIMER0_voidSetOCR0Value>
    22f0:	80 e0       	ldi	r24, 0x00	; 0
    22f2:	90 e0       	ldi	r25, 0x00	; 0
    22f4:	a6 e9       	ldi	r26, 0x96	; 150
    22f6:	b3 e4       	ldi	r27, 0x43	; 67
    22f8:	8b 87       	std	Y+11, r24	; 0x0b
    22fa:	9c 87       	std	Y+12, r25	; 0x0c
    22fc:	ad 87       	std	Y+13, r26	; 0x0d
    22fe:	be 87       	std	Y+14, r27	; 0x0e
 */
void
_delay_ms(double __ms)
{
	uint16_t __ticks;
	double __tmp = ((F_CPU) / 4e3) * __ms;
    2300:	6b 85       	ldd	r22, Y+11	; 0x0b
    2302:	7c 85       	ldd	r23, Y+12	; 0x0c
    2304:	8d 85       	ldd	r24, Y+13	; 0x0d
    2306:	9e 85       	ldd	r25, Y+14	; 0x0e
    2308:	20 e0       	ldi	r18, 0x00	; 0
    230a:	30 e0       	ldi	r19, 0x00	; 0
    230c:	4a ef       	ldi	r20, 0xFA	; 250
    230e:	54 e4       	ldi	r21, 0x44	; 68
    2310:	0e 94 1f 02 	call	0x43e	; 0x43e <__mulsf3>
    2314:	dc 01       	movw	r26, r24
    2316:	cb 01       	movw	r24, r22
    2318:	8f 83       	std	Y+7, r24	; 0x07
    231a:	98 87       	std	Y+8, r25	; 0x08
    231c:	a9 87       	std	Y+9, r26	; 0x09
    231e:	ba 87       	std	Y+10, r27	; 0x0a
	if (__tmp < 1.0)
    2320:	6f 81       	ldd	r22, Y+7	; 0x07
    2322:	78 85       	ldd	r23, Y+8	; 0x08
    2324:	89 85       	ldd	r24, Y+9	; 0x09
    2326:	9a 85       	ldd	r25, Y+10	; 0x0a
    2328:	20 e0       	ldi	r18, 0x00	; 0
    232a:	30 e0       	ldi	r19, 0x00	; 0
    232c:	40 e8       	ldi	r20, 0x80	; 128
    232e:	5f e3       	ldi	r21, 0x3F	; 63
    2330:	0e 94 79 03 	call	0x6f2	; 0x6f2 <__ltsf2>
    2334:	88 23       	and	r24, r24
    2336:	2c f4       	brge	.+10     	; 0x2342 <main+0x176>
		__ticks = 1;
    2338:	81 e0       	ldi	r24, 0x01	; 1
    233a:	90 e0       	ldi	r25, 0x00	; 0
    233c:	9e 83       	std	Y+6, r25	; 0x06
    233e:	8d 83       	std	Y+5, r24	; 0x05
    2340:	3f c0       	rjmp	.+126    	; 0x23c0 <main+0x1f4>
	else if (__tmp > 65535)
    2342:	6f 81       	ldd	r22, Y+7	; 0x07
    2344:	78 85       	ldd	r23, Y+8	; 0x08
    2346:	89 85       	ldd	r24, Y+9	; 0x09
    2348:	9a 85       	ldd	r25, Y+10	; 0x0a
    234a:	20 e0       	ldi	r18, 0x00	; 0
    234c:	3f ef       	ldi	r19, 0xFF	; 255
    234e:	4f e7       	ldi	r20, 0x7F	; 127
    2350:	57 e4       	ldi	r21, 0x47	; 71
    2352:	0e 94 19 03 	call	0x632	; 0x632 <__gtsf2>
    2356:	18 16       	cp	r1, r24
    2358:	4c f5       	brge	.+82     	; 0x23ac <main+0x1e0>
	{
		//	__ticks = requested delay in 1/10 ms
		__ticks = (uint16_t) (__ms * 10.0);
    235a:	6b 85       	ldd	r22, Y+11	; 0x0b
    235c:	7c 85       	ldd	r23, Y+12	; 0x0c
    235e:	8d 85       	ldd	r24, Y+13	; 0x0d
    2360:	9e 85       	ldd	r25, Y+14	; 0x0e
    2362:	20 e0       	ldi	r18, 0x00	; 0
    2364:	30 e0       	ldi	r19, 0x00	; 0
    2366:	40 e2       	ldi	r20, 0x20	; 32
    2368:	51 e4       	ldi	r21, 0x41	; 65
    236a:	0e 94 1f 02 	call	0x43e	; 0x43e <__mulsf3>
    236e:	dc 01       	movw	r26, r24
    2370:	cb 01       	movw	r24, r22
    2372:	bc 01       	movw	r22, r24
    2374:	cd 01       	movw	r24, r26
    2376:	0e 94 49 00 	call	0x92	; 0x92 <__fixunssfsi>
    237a:	dc 01       	movw	r26, r24
    237c:	cb 01       	movw	r24, r22
    237e:	9e 83       	std	Y+6, r25	; 0x06
    2380:	8d 83       	std	Y+5, r24	; 0x05
    2382:	0f c0       	rjmp	.+30     	; 0x23a2 <main+0x1d6>
    2384:	88 ec       	ldi	r24, 0xC8	; 200
    2386:	90 e0       	ldi	r25, 0x00	; 0
    2388:	9c 83       	std	Y+4, r25	; 0x04
    238a:	8b 83       	std	Y+3, r24	; 0x03
    238c:	8b 81       	ldd	r24, Y+3	; 0x03
    238e:	9c 81       	ldd	r25, Y+4	; 0x04
    2390:	01 97       	sbiw	r24, 0x01	; 1
    2392:	f1 f7       	brne	.-4      	; 0x2390 <main+0x1c4>
    2394:	9c 83       	std	Y+4, r25	; 0x04
    2396:	8b 83       	std	Y+3, r24	; 0x03
		while(__ticks)
		{
			// wait 1/10 ms
			_delay_loop_2(((F_CPU) / 4e3) / 10);
			__ticks --;
    2398:	8d 81       	ldd	r24, Y+5	; 0x05
    239a:	9e 81       	ldd	r25, Y+6	; 0x06
    239c:	01 97       	sbiw	r24, 0x01	; 1
    239e:	9e 83       	std	Y+6, r25	; 0x06
    23a0:	8d 83       	std	Y+5, r24	; 0x05
		__ticks = 1;
	else if (__tmp > 65535)
	{
		//	__ticks = requested delay in 1/10 ms
		__ticks = (uint16_t) (__ms * 10.0);
		while(__ticks)
    23a2:	8d 81       	ldd	r24, Y+5	; 0x05
    23a4:	9e 81       	ldd	r25, Y+6	; 0x06
    23a6:	00 97       	sbiw	r24, 0x00	; 0
    23a8:	69 f7       	brne	.-38     	; 0x2384 <main+0x1b8>
    23aa:	14 c0       	rjmp	.+40     	; 0x23d4 <main+0x208>
			__ticks --;
		}
		return;
	}
	else
		__ticks = (uint16_t)__tmp;
    23ac:	6f 81       	ldd	r22, Y+7	; 0x07
    23ae:	78 85       	ldd	r23, Y+8	; 0x08
    23b0:	89 85       	ldd	r24, Y+9	; 0x09
    23b2:	9a 85       	ldd	r25, Y+10	; 0x0a
    23b4:	0e 94 49 00 	call	0x92	; 0x92 <__fixunssfsi>
    23b8:	dc 01       	movw	r26, r24
    23ba:	cb 01       	movw	r24, r22
    23bc:	9e 83       	std	Y+6, r25	; 0x06
    23be:	8d 83       	std	Y+5, r24	; 0x05
    23c0:	8d 81       	ldd	r24, Y+5	; 0x05
    23c2:	9e 81       	ldd	r25, Y+6	; 0x06
    23c4:	9a 83       	std	Y+2, r25	; 0x02
    23c6:	89 83       	std	Y+1, r24	; 0x01
    23c8:	89 81       	ldd	r24, Y+1	; 0x01
    23ca:	9a 81       	ldd	r25, Y+2	; 0x02
    23cc:	01 97       	sbiw	r24, 0x01	; 1
    23ce:	f1 f7       	brne	.-4      	; 0x23cc <main+0x200>
    23d0:	9a 83       	std	Y+2, r25	; 0x02
    23d2:	89 83       	std	Y+1, r24	; 0x01
		for (u8 i=0; i<250; i+=10)
		{
			MTIMER0_voidSetOCR0Value(i);
			_delay_ms (300);
		}
		for (u8 i=250; i>0; i -=10)
    23d4:	8d 8d       	ldd	r24, Y+29	; 0x1d
    23d6:	8a 50       	subi	r24, 0x0A	; 10
    23d8:	8d 8f       	std	Y+29, r24	; 0x1d
    23da:	8d 8d       	ldd	r24, Y+29	; 0x1d
    23dc:	88 23       	and	r24, r24
    23de:	09 f0       	breq	.+2      	; 0x23e2 <main+0x216>
    23e0:	84 cf       	rjmp	.-248    	; 0x22ea <main+0x11e>
    23e2:	02 cf       	rjmp	.-508    	; 0x21e8 <main+0x1c>

000023e4 <__prologue_saves__>:
    23e4:	2f 92       	push	r2
    23e6:	3f 92       	push	r3
    23e8:	4f 92       	push	r4
    23ea:	5f 92       	push	r5
    23ec:	6f 92       	push	r6
    23ee:	7f 92       	push	r7
    23f0:	8f 92       	push	r8
    23f2:	9f 92       	push	r9
    23f4:	af 92       	push	r10
    23f6:	bf 92       	push	r11
    23f8:	cf 92       	push	r12
    23fa:	df 92       	push	r13
    23fc:	ef 92       	push	r14
    23fe:	ff 92       	push	r15
    2400:	0f 93       	push	r16
    2402:	1f 93       	push	r17
    2404:	cf 93       	push	r28
    2406:	df 93       	push	r29
    2408:	cd b7       	in	r28, 0x3d	; 61
    240a:	de b7       	in	r29, 0x3e	; 62
    240c:	ca 1b       	sub	r28, r26
    240e:	db 0b       	sbc	r29, r27
    2410:	0f b6       	in	r0, 0x3f	; 63
    2412:	f8 94       	cli
    2414:	de bf       	out	0x3e, r29	; 62
    2416:	0f be       	out	0x3f, r0	; 63
    2418:	cd bf       	out	0x3d, r28	; 61
    241a:	09 94       	ijmp

0000241c <__epilogue_restores__>:
    241c:	2a 88       	ldd	r2, Y+18	; 0x12
    241e:	39 88       	ldd	r3, Y+17	; 0x11
    2420:	48 88       	ldd	r4, Y+16	; 0x10
    2422:	5f 84       	ldd	r5, Y+15	; 0x0f
    2424:	6e 84       	ldd	r6, Y+14	; 0x0e
    2426:	7d 84       	ldd	r7, Y+13	; 0x0d
    2428:	8c 84       	ldd	r8, Y+12	; 0x0c
    242a:	9b 84       	ldd	r9, Y+11	; 0x0b
    242c:	aa 84       	ldd	r10, Y+10	; 0x0a
    242e:	b9 84       	ldd	r11, Y+9	; 0x09
    2430:	c8 84       	ldd	r12, Y+8	; 0x08
    2432:	df 80       	ldd	r13, Y+7	; 0x07
    2434:	ee 80       	ldd	r14, Y+6	; 0x06
    2436:	fd 80       	ldd	r15, Y+5	; 0x05
    2438:	0c 81       	ldd	r16, Y+4	; 0x04
    243a:	1b 81       	ldd	r17, Y+3	; 0x03
    243c:	aa 81       	ldd	r26, Y+2	; 0x02
    243e:	b9 81       	ldd	r27, Y+1	; 0x01
    2440:	ce 0f       	add	r28, r30
    2442:	d1 1d       	adc	r29, r1
    2444:	0f b6       	in	r0, 0x3f	; 63
    2446:	f8 94       	cli
    2448:	de bf       	out	0x3e, r29	; 62
    244a:	0f be       	out	0x3f, r0	; 63
    244c:	cd bf       	out	0x3d, r28	; 61
    244e:	ed 01       	movw	r28, r26
    2450:	08 95       	ret

00002452 <_exit>:
    2452:	f8 94       	cli

00002454 <__stop_program>:
    2454:	ff cf       	rjmp	.-2      	; 0x2454 <__stop_program>
